Dataset;#TrainingRelease;%training;%Defective in training;%Defective in testing;Classifier;Feature Selection;Balancing;Sensitivity;TP;FP;TN;FN;Precision;Recall;AUC;Kappa
BOOKKEEPER;1;7.29;53.72;38.61;Random Forest;No;No;No;69;50;136;48;0.58;0.59;0.78;0.32
BOOKKEEPER;1;7.29;53.72;38.61;Random Forest;No;No;Sensitive Threshold;0;0;186;117;0;0;0.5;0
BOOKKEEPER;1;7.29;53.72;38.61;Random Forest;No;No;Sensitive Learning;74;53;133;43;0.58;0.63;0.77;0.34
BOOKKEEPER;1;7.29;53.72;38.61;Random Forest;No;oversampling;No;45;34;152;72;0.57;0.38;0.74;0.21
BOOKKEEPER;1;7.29;53.72;38.61;Random Forest;No;oversampling;Sensitive Threshold;0;0;186;117;0;0;0.5;0
BOOKKEEPER;1;7.29;53.72;38.61;Random Forest;No;oversampling;Sensitive Learning;51;38;148;66;0.57;0.44;0.76;0.24
BOOKKEEPER;1;7.29;53.72;38.61;Random Forest;No;undersampling;No;60;45;141;57;0.57;0.51;0.8;0.28
BOOKKEEPER;1;7.29;53.72;38.61;Random Forest;No;undersampling;Sensitive Threshold;0;0;186;117;0;0;0.5;0
BOOKKEEPER;1;7.29;53.72;38.61;Random Forest;No;undersampling;Sensitive Learning;58;51;135;59;0.53;0.5;0.77;0.22
BOOKKEEPER;1;7.29;53.72;38.61;Random Forest;No;SMOTE;No;68;53;133;49;0.56;0.58;0.78;0.29
BOOKKEEPER;1;7.29;53.72;38.61;Random Forest;No;SMOTE;Sensitive Threshold;0;0;186;117;0;0;0.5;0
BOOKKEEPER;1;7.29;53.72;38.61;Random Forest;No;SMOTE;Sensitive Learning;73;56;130;44;0.57;0.62;0.77;0.32
BOOKKEEPER;1;7.29;53.72;38.61;Random Forest;Best first;No;No;73;53;133;44;0.58;0.62;0.76;0.33
BOOKKEEPER;1;7.29;53.72;38.61;Random Forest;Best first;No;Sensitive Threshold;0;0;186;117;0;0;0.5;0
BOOKKEEPER;1;7.29;53.72;38.61;Random Forest;Best first;No;Sensitive Learning;73;53;133;44;0.58;0.62;0.75;0.33
BOOKKEEPER;1;7.29;53.72;38.61;Random Forest;Best first;oversampling;No;48;37;149;69;0.56;0.41;0.73;0.22
BOOKKEEPER;1;7.29;53.72;38.61;Random Forest;Best first;oversampling;Sensitive Threshold;0;3;183;117;0;0;0.49;-0.02
BOOKKEEPER;1;7.29;53.72;38.61;Random Forest;Best first;oversampling;Sensitive Learning;45;32;154;72;0.58;0.38;0.73;0.23
BOOKKEEPER;1;7.29;53.72;38.61;Random Forest;Best first;undersampling;No;63;49;137;54;0.56;0.54;0.76;0.28
BOOKKEEPER;1;7.29;53.72;38.61;Random Forest;Best first;undersampling;Sensitive Threshold;0;0;186;117;0;0;0.5;0
BOOKKEEPER;1;7.29;53.72;38.61;Random Forest;Best first;undersampling;Sensitive Learning;70;49;137;47;0.59;0.6;0.77;0.33
BOOKKEEPER;1;7.29;53.72;38.61;Random Forest;Best first;SMOTE;No;72;49;137;45;0.6;0.62;0.76;0.35
BOOKKEEPER;1;7.29;53.72;38.61;Random Forest;Best first;SMOTE;Sensitive Threshold;0;3;183;117;0;0;0.49;-0.02
BOOKKEEPER;1;7.29;53.72;38.61;Random Forest;Best first;SMOTE;Sensitive Learning;73;53;133;44;0.58;0.62;0.73;0.33
BOOKKEEPER;1;7.29;53.72;38.61;IBk;No;No;No;91;135;51;26;0.4;0.78;0.53;0.04
BOOKKEEPER;1;7.29;53.72;38.61;IBk;No;No;Sensitive Threshold;91;135;51;26;0.4;0.78;0.53;0.04
BOOKKEEPER;1;7.29;53.72;38.61;IBk;No;No;Sensitive Learning;91;135;51;26;0.4;0.78;0.53;0.04
BOOKKEEPER;1;7.29;53.72;38.61;IBk;No;oversampling;No;30;14;172;87;0.68;0.26;0.63;0.2
BOOKKEEPER;1;7.29;53.72;38.61;IBk;No;oversampling;Sensitive Threshold;30;14;172;87;0.68;0.26;0.59;0.2
BOOKKEEPER;1;7.29;53.72;38.61;IBk;No;oversampling;Sensitive Learning;44;15;171;73;0.75;0.38;0.65;0.33
BOOKKEEPER;1;7.29;53.72;38.61;IBk;No;undersampling;No;91;135;51;26;0.4;0.78;0.53;0.04
BOOKKEEPER;1;7.29;53.72;38.61;IBk;No;undersampling;Sensitive Threshold;91;135;51;26;0.4;0.78;0.53;0.04
BOOKKEEPER;1;7.29;53.72;38.61;IBk;No;undersampling;Sensitive Learning;91;135;51;26;0.4;0.78;0.43;0.04
BOOKKEEPER;1;7.29;53.72;38.61;IBk;No;SMOTE;No;102;143;43;15;0.42;0.87;0.55;0.09
BOOKKEEPER;1;7.29;53.72;38.61;IBk;No;SMOTE;Sensitive Threshold;102;143;43;15;0.42;0.87;0.55;0.09
BOOKKEEPER;1;7.29;53.72;38.61;IBk;No;SMOTE;Sensitive Learning;97;142;44;20;0.41;0.83;0.61;0.05
BOOKKEEPER;1;7.29;53.72;38.61;IBk;Best first;No;No;95;134;52;22;0.41;0.81;0.55;0.08
BOOKKEEPER;1;7.29;53.72;38.61;IBk;Best first;No;Sensitive Threshold;95;134;52;22;0.41;0.81;0.55;0.08
BOOKKEEPER;1;7.29;53.72;38.61;IBk;Best first;No;Sensitive Learning;95;134;52;22;0.41;0.81;0.55;0.08
BOOKKEEPER;1;7.29;53.72;38.61;IBk;Best first;oversampling;No;35;24;162;82;0.59;0.3;0.64;0.19
BOOKKEEPER;1;7.29;53.72;38.61;IBk;Best first;oversampling;Sensitive Threshold;35;24;162;82;0.59;0.3;0.59;0.19
BOOKKEEPER;1;7.29;53.72;38.61;IBk;Best first;oversampling;Sensitive Learning;56;26;160;61;0.68;0.48;0.68;0.36
BOOKKEEPER;1;7.29;53.72;38.61;IBk;Best first;undersampling;No;94;132;54;23;0.42;0.8;0.55;0.08
BOOKKEEPER;1;7.29;53.72;38.61;IBk;Best first;undersampling;Sensitive Threshold;94;132;54;23;0.42;0.8;0.55;0.08
BOOKKEEPER;1;7.29;53.72;38.61;IBk;Best first;undersampling;Sensitive Learning;94;132;54;23;0.42;0.8;0.48;0.08
BOOKKEEPER;1;7.29;53.72;38.61;IBk;Best first;SMOTE;No;92;125;61;25;0.42;0.79;0.56;0.1
BOOKKEEPER;1;7.29;53.72;38.61;IBk;Best first;SMOTE;Sensitive Threshold;92;125;61;25;0.42;0.79;0.56;0.1
BOOKKEEPER;1;7.29;53.72;38.61;IBk;Best first;SMOTE;Sensitive Learning;97;137;49;20;0.41;0.83;0.57;0.08
BOOKKEEPER;1;7.29;53.72;38.61;Naive Bayes;No;No;No;30;11;175;87;0.73;0.26;0.76;0.22
BOOKKEEPER;1;7.29;53.72;38.61;Naive Bayes;No;No;Sensitive Threshold;30;10;176;87;0.75;0.26;0.6;0.23
BOOKKEEPER;1;7.29;53.72;38.61;Naive Bayes;No;No;Sensitive Learning;30;12;174;87;0.71;0.26;0.77;0.22
BOOKKEEPER;1;7.29;53.72;38.61;Naive Bayes;No;oversampling;No;76;113;73;41;0.4;0.65;0.63;0.04
BOOKKEEPER;1;7.29;53.72;38.61;Naive Bayes;No;oversampling;Sensitive Threshold;49;22;164;68;0.69;0.42;0.65;0.32
BOOKKEEPER;1;7.29;53.72;38.61;Naive Bayes;No;oversampling;Sensitive Learning;30;11;175;87;0.73;0.26;0.72;0.22
BOOKKEEPER;1;7.29;53.72;38.61;Naive Bayes;No;undersampling;No;29;11;175;88;0.72;0.25;0.76;0.21
BOOKKEEPER;1;7.29;53.72;38.61;Naive Bayes;No;undersampling;Sensitive Threshold;29;10;176;88;0.74;0.25;0.6;0.22
BOOKKEEPER;1;7.29;53.72;38.61;Naive Bayes;No;undersampling;Sensitive Learning;29;11;175;88;0.72;0.25;0.77;0.21
BOOKKEEPER;1;7.29;53.72;38.61;Naive Bayes;No;SMOTE;No;31;11;175;86;0.74;0.26;0.73;0.23
BOOKKEEPER;1;7.29;53.72;38.61;Naive Bayes;No;SMOTE;Sensitive Threshold;30;11;175;87;0.73;0.26;0.6;0.22
BOOKKEEPER;1;7.29;53.72;38.61;Naive Bayes;No;SMOTE;Sensitive Learning;31;12;174;86;0.72;0.26;0.74;0.23
BOOKKEEPER;1;7.29;53.72;38.61;Naive Bayes;Best first;No;No;28;10;176;89;0.74;0.24;0.7;0.21
BOOKKEEPER;1;7.29;53.72;38.61;Naive Bayes;Best first;No;Sensitive Threshold;25;7;179;92;0.78;0.21;0.59;0.2
BOOKKEEPER;1;7.29;53.72;38.61;Naive Bayes;Best first;No;Sensitive Learning;29;11;175;88;0.72;0.25;0.78;0.21
BOOKKEEPER;1;7.29;53.72;38.61;Naive Bayes;Best first;oversampling;No;71;112;74;46;0.39;0.61;0.59;0
BOOKKEEPER;1;7.29;53.72;38.61;Naive Bayes;Best first;oversampling;Sensitive Threshold;31;14;172;86;0.69;0.26;0.59;0.21
BOOKKEEPER;1;7.29;53.72;38.61;Naive Bayes;Best first;oversampling;Sensitive Learning;30;11;175;87;0.73;0.26;0.72;0.22
BOOKKEEPER;1;7.29;53.72;38.61;Naive Bayes;Best first;undersampling;No;27;8;178;90;0.77;0.23;0.7;0.22
BOOKKEEPER;1;7.29;53.72;38.61;Naive Bayes;Best first;undersampling;Sensitive Threshold;22;7;179;95;0.76;0.19;0.58;0.17
BOOKKEEPER;1;7.29;53.72;38.61;Naive Bayes;Best first;undersampling;Sensitive Learning;27;8;178;90;0.77;0.23;0.78;0.22
BOOKKEEPER;1;7.29;53.72;38.61;Naive Bayes;Best first;SMOTE;No;28;12;174;89;0.7;0.24;0.7;0.2
BOOKKEEPER;1;7.29;53.72;38.61;Naive Bayes;Best first;SMOTE;Sensitive Threshold;27;9;177;90;0.75;0.23;0.59;0.21
BOOKKEEPER;1;7.29;53.72;38.61;Naive Bayes;Best first;SMOTE;Sensitive Learning;29;12;174;88;0.71;0.25;0.75;0.21
BOOKKEEPER;2;16.42;45.32;25.77;Random Forest;No;No;No;94;94;243;23;0.5;0.8;0.83;0.44
BOOKKEEPER;2;16.42;45.32;25.77;Random Forest;No;No;Sensitive Threshold;4;6;331;113;0.4;0.03;0.51;0.02
BOOKKEEPER;2;16.42;45.32;25.77;Random Forest;No;No;Sensitive Learning;95;97;240;22;0.49;0.81;0.83;0.43
BOOKKEEPER;2;16.42;45.32;25.77;Random Forest;No;oversampling;No;90;104;233;27;0.46;0.77;0.79;0.38
BOOKKEEPER;2;16.42;45.32;25.77;Random Forest;No;oversampling;Sensitive Threshold;19;5;332;98;0.79;0.16;0.57;0.2
BOOKKEEPER;2;16.42;45.32;25.77;Random Forest;No;oversampling;Sensitive Learning;96;113;224;21;0.46;0.82;0.8;0.39
BOOKKEEPER;2;16.42;45.32;25.77;Random Forest;No;undersampling;No;96;113;224;21;0.46;0.82;0.82;0.39
BOOKKEEPER;2;16.42;45.32;25.77;Random Forest;No;undersampling;Sensitive Threshold;7;8;329;110;0.47;0.06;0.52;0.05
BOOKKEEPER;2;16.42;45.32;25.77;Random Forest;No;undersampling;Sensitive Learning;97;108;229;20;0.47;0.83;0.83;0.41
BOOKKEEPER;2;16.42;45.32;25.77;Random Forest;No;SMOTE;No;94;84;253;23;0.53;0.8;0.83;0.47
BOOKKEEPER;2;16.42;45.32;25.77;Random Forest;No;SMOTE;Sensitive Threshold;8;13;324;109;0.38;0.07;0.51;0.04
BOOKKEEPER;2;16.42;45.32;25.77;Random Forest;No;SMOTE;Sensitive Learning;92;93;244;25;0.5;0.79;0.83;0.43
BOOKKEEPER;2;16.42;45.32;25.77;Random Forest;Best first;No;No;88;82;255;29;0.52;0.75;0.81;0.44
BOOKKEEPER;2;16.42;45.32;25.77;Random Forest;Best first;No;Sensitive Threshold;8;8;329;109;0.5;0.07;0.52;0.06
BOOKKEEPER;2;16.42;45.32;25.77;Random Forest;Best first;No;Sensitive Learning;87;88;249;30;0.5;0.74;0.83;0.42
BOOKKEEPER;2;16.42;45.32;25.77;Random Forest;Best first;oversampling;No;72;87;250;45;0.45;0.62;0.77;0.32
BOOKKEEPER;2;16.42;45.32;25.77;Random Forest;Best first;oversampling;Sensitive Threshold;31;15;322;86;0.67;0.26;0.61;0.27
BOOKKEEPER;2;16.42;45.32;25.77;Random Forest;Best first;oversampling;Sensitive Learning;93;111;226;24;0.46;0.79;0.8;0.37
BOOKKEEPER;2;16.42;45.32;25.77;Random Forest;Best first;undersampling;No;96;114;223;21;0.46;0.82;0.81;0.38
BOOKKEEPER;2;16.42;45.32;25.77;Random Forest;Best first;undersampling;Sensitive Threshold;11;11;326;106;0.5;0.09;0.53;0.08
BOOKKEEPER;2;16.42;45.32;25.77;Random Forest;Best first;undersampling;Sensitive Learning;96;113;224;21;0.46;0.82;0.81;0.39
BOOKKEEPER;2;16.42;45.32;25.77;Random Forest;Best first;SMOTE;No;87;89;248;30;0.49;0.74;0.81;0.41
BOOKKEEPER;2;16.42;45.32;25.77;Random Forest;Best first;SMOTE;Sensitive Threshold;13;17;320;104;0.43;0.11;0.53;0.08
BOOKKEEPER;2;16.42;45.32;25.77;Random Forest;Best first;SMOTE;Sensitive Learning;87;89;248;30;0.49;0.74;0.81;0.41
BOOKKEEPER;2;16.42;45.32;25.77;IBk;No;No;No;90;115;222;27;0.44;0.77;0.71;0.34
BOOKKEEPER;2;16.42;45.32;25.77;IBk;No;No;Sensitive Threshold;90;115;222;27;0.44;0.77;0.71;0.34
BOOKKEEPER;2;16.42;45.32;25.77;IBk;No;No;Sensitive Learning;90;115;222;27;0.44;0.77;0.71;0.34
BOOKKEEPER;2;16.42;45.32;25.77;IBk;No;oversampling;No;92;144;193;25;0.39;0.79;0.7;0.27
BOOKKEEPER;2;16.42;45.32;25.77;IBk;No;oversampling;Sensitive Threshold;92;143;194;25;0.39;0.79;0.68;0.27
BOOKKEEPER;2;16.42;45.32;25.77;IBk;No;oversampling;Sensitive Learning;93;146;191;24;0.39;0.79;0.71;0.27
BOOKKEEPER;2;16.42;45.32;25.77;IBk;No;undersampling;No;91;138;199;26;0.4;0.78;0.69;0.28
BOOKKEEPER;2;16.42;45.32;25.77;IBk;No;undersampling;Sensitive Threshold;91;138;199;26;0.4;0.78;0.68;0.28
BOOKKEEPER;2;16.42;45.32;25.77;IBk;No;undersampling;Sensitive Learning;90;137;200;27;0.4;0.77;0.68;0.28
BOOKKEEPER;2;16.42;45.32;25.77;IBk;No;SMOTE;No;84;97;240;33;0.46;0.72;0.72;0.36
BOOKKEEPER;2;16.42;45.32;25.77;IBk;No;SMOTE;Sensitive Threshold;84;97;240;33;0.46;0.72;0.72;0.36
BOOKKEEPER;2;16.42;45.32;25.77;IBk;No;SMOTE;Sensitive Learning;91;121;216;26;0.43;0.78;0.73;0.33
BOOKKEEPER;2;16.42;45.32;25.77;IBk;Best first;No;No;84;88;249;33;0.49;0.72;0.73;0.4
BOOKKEEPER;2;16.42;45.32;25.77;IBk;Best first;No;Sensitive Threshold;84;88;249;33;0.49;0.72;0.73;0.4
BOOKKEEPER;2;16.42;45.32;25.77;IBk;Best first;No;Sensitive Learning;84;88;249;33;0.49;0.72;0.73;0.4
BOOKKEEPER;2;16.42;45.32;25.77;IBk;Best first;oversampling;No;84;114;223;33;0.42;0.72;0.71;0.31
BOOKKEEPER;2;16.42;45.32;25.77;IBk;Best first;oversampling;Sensitive Threshold;84;114;223;33;0.42;0.72;0.69;0.31
BOOKKEEPER;2;16.42;45.32;25.77;IBk;Best first;oversampling;Sensitive Learning;84;107;230;33;0.44;0.72;0.72;0.33
BOOKKEEPER;2;16.42;45.32;25.77;IBk;Best first;undersampling;No;86;100;237;31;0.46;0.74;0.72;0.37
BOOKKEEPER;2;16.42;45.32;25.77;IBk;Best first;undersampling;Sensitive Threshold;86;100;237;31;0.46;0.74;0.72;0.37
BOOKKEEPER;2;16.42;45.32;25.77;IBk;Best first;undersampling;Sensitive Learning;85;99;238;32;0.46;0.73;0.71;0.36
BOOKKEEPER;2;16.42;45.32;25.77;IBk;Best first;SMOTE;No;85;94;243;32;0.47;0.73;0.73;0.38
BOOKKEEPER;2;16.42;45.32;25.77;IBk;Best first;SMOTE;Sensitive Threshold;85;94;243;32;0.47;0.73;0.72;0.38
BOOKKEEPER;2;16.42;45.32;25.77;IBk;Best first;SMOTE;Sensitive Learning;84;99;238;33;0.46;0.72;0.71;0.36
BOOKKEEPER;2;16.42;45.32;25.77;Naive Bayes;No;No;No;31;48;289;86;0.39;0.26;0.72;0.14
BOOKKEEPER;2;16.42;45.32;25.77;Naive Bayes;No;No;Sensitive Threshold;31;46;291;86;0.4;0.26;0.56;0.14
BOOKKEEPER;2;16.42;45.32;25.77;Naive Bayes;No;No;Sensitive Learning;32;49;288;85;0.4;0.27;0.74;0.14
BOOKKEEPER;2;16.42;45.32;25.77;Naive Bayes;No;oversampling;No;34;52;285;83;0.4;0.29;0.71;0.15
BOOKKEEPER;2;16.42;45.32;25.77;Naive Bayes;No;oversampling;Sensitive Threshold;34;49;288;83;0.41;0.29;0.57;0.16
BOOKKEEPER;2;16.42;45.32;25.77;Naive Bayes;No;oversampling;Sensitive Learning;32;50;287;85;0.39;0.27;0.73;0.14
BOOKKEEPER;2;16.42;45.32;25.77;Naive Bayes;No;undersampling;No;32;47;290;85;0.41;0.27;0.71;0.15
BOOKKEEPER;2;16.42;45.32;25.77;Naive Bayes;No;undersampling;Sensitive Threshold;30;46;291;87;0.39;0.26;0.56;0.14
BOOKKEEPER;2;16.42;45.32;25.77;Naive Bayes;No;undersampling;Sensitive Learning;34;49;288;83;0.41;0.29;0.73;0.16
BOOKKEEPER;2;16.42;45.32;25.77;Naive Bayes;No;SMOTE;No;35;52;285;82;0.4;0.3;0.71;0.16
BOOKKEEPER;2;16.42;45.32;25.77;Naive Bayes;No;SMOTE;Sensitive Threshold;33;49;288;84;0.4;0.28;0.57;0.15
BOOKKEEPER;2;16.42;45.32;25.77;Naive Bayes;No;SMOTE;Sensitive Learning;34;51;286;83;0.4;0.29;0.74;0.15
BOOKKEEPER;2;16.42;45.32;25.77;Naive Bayes;Best first;No;No;41;55;282;76;0.43;0.35;0.75;0.2
BOOKKEEPER;2;16.42;45.32;25.77;Naive Bayes;Best first;No;Sensitive Threshold;33;47;290;84;0.41;0.28;0.57;0.16
BOOKKEEPER;2;16.42;45.32;25.77;Naive Bayes;Best first;No;Sensitive Learning;44;57;280;73;0.44;0.38;0.78;0.22
BOOKKEEPER;2;16.42;45.32;25.77;Naive Bayes;Best first;oversampling;No;49;65;272;68;0.43;0.42;0.72;0.23
BOOKKEEPER;2;16.42;45.32;25.77;Naive Bayes;Best first;oversampling;Sensitive Threshold;36;49;288;81;0.42;0.31;0.58;0.18
BOOKKEEPER;2;16.42;45.32;25.77;Naive Bayes;Best first;oversampling;Sensitive Learning;49;66;271;68;0.43;0.42;0.75;0.22
BOOKKEEPER;2;16.42;45.32;25.77;Naive Bayes;Best first;undersampling;No;42;57;280;75;0.42;0.36;0.75;0.2
BOOKKEEPER;2;16.42;45.32;25.77;Naive Bayes;Best first;undersampling;Sensitive Threshold;34;46;291;83;0.42;0.29;0.58;0.17
BOOKKEEPER;2;16.42;45.32;25.77;Naive Bayes;Best first;undersampling;Sensitive Learning;47;62;275;70;0.43;0.4;0.77;0.22
BOOKKEEPER;2;16.42;45.32;25.77;Naive Bayes;Best first;SMOTE;No;49;67;270;68;0.42;0.42;0.74;0.22
BOOKKEEPER;2;16.42;45.32;25.77;Naive Bayes;Best first;SMOTE;Sensitive Threshold;43;52;285;74;0.45;0.37;0.61;0.23
BOOKKEEPER;2;16.42;45.32;25.77;Naive Bayes;Best first;SMOTE;Sensitive Learning;51;70;267;66;0.42;0.44;0.77;0.23
BOOKKEEPER;3;30.09;36.44;25.77;Random Forest;No;No;No;117;0;337;0;1;1;1;1
BOOKKEEPER;3;30.09;36.44;25.77;Random Forest;No;No;Sensitive Threshold;16;0;337;101;1;0.14;0.57;0.19
BOOKKEEPER;3;30.09;36.44;25.77;Random Forest;No;No;Sensitive Learning;117;0;337;0;1;1;1;1
BOOKKEEPER;3;30.09;36.44;25.77;Random Forest;No;oversampling;No;107;53;284;10;0.67;0.91;0.97;0.68
BOOKKEEPER;3;30.09;36.44;25.77;Random Forest;No;oversampling;Sensitive Threshold;71;3;334;46;0.96;0.61;0.8;0.68
BOOKKEEPER;3;30.09;36.44;25.77;Random Forest;No;oversampling;Sensitive Learning;113;45;292;4;0.72;0.97;0.99;0.75
BOOKKEEPER;3;30.09;36.44;25.77;Random Forest;No;undersampling;No;117;52;285;0;0.69;1;1;0.74
BOOKKEEPER;3;30.09;36.44;25.77;Random Forest;No;undersampling;Sensitive Threshold;42;0;337;75;1;0.36;0.68;0.45
BOOKKEEPER;3;30.09;36.44;25.77;Random Forest;No;undersampling;Sensitive Learning;117;42;295;0;0.74;1;1;0.78
BOOKKEEPER;3;30.09;36.44;25.77;Random Forest;No;SMOTE;No;117;0;337;0;1;1;1;1
BOOKKEEPER;3;30.09;36.44;25.77;Random Forest;No;SMOTE;Sensitive Threshold;37;0;337;80;1;0.32;0.66;0.41
BOOKKEEPER;3;30.09;36.44;25.77;Random Forest;No;SMOTE;Sensitive Learning;117;1;336;0;0.99;1;1;0.99
BOOKKEEPER;3;30.09;36.44;25.77;Random Forest;Best first;No;No;117;0;337;0;1;1;1;1
BOOKKEEPER;3;30.09;36.44;25.77;Random Forest;Best first;No;Sensitive Threshold;51;0;337;66;1;0.44;0.72;0.53
BOOKKEEPER;3;30.09;36.44;25.77;Random Forest;Best first;No;Sensitive Learning;117;0;337;0;1;1;1;1
BOOKKEEPER;3;30.09;36.44;25.77;Random Forest;Best first;oversampling;No;111;71;266;6;0.61;0.95;0.95;0.62
BOOKKEEPER;3;30.09;36.44;25.77;Random Forest;Best first;oversampling;Sensitive Threshold;85;15;322;32;0.85;0.73;0.84;0.72
BOOKKEEPER;3;30.09;36.44;25.77;Random Forest;Best first;oversampling;Sensitive Learning;115;57;280;2;0.67;0.98;0.97;0.71
BOOKKEEPER;3;30.09;36.44;25.77;Random Forest;Best first;undersampling;No;117;65;272;0;0.64;1;0.98;0.68
BOOKKEEPER;3;30.09;36.44;25.77;Random Forest;Best first;undersampling;Sensitive Threshold;72;6;331;45;0.92;0.62;0.8;0.67
BOOKKEEPER;3;30.09;36.44;25.77;Random Forest;Best first;undersampling;Sensitive Learning;117;65;272;0;0.64;1;0.98;0.68
BOOKKEEPER;3;30.09;36.44;25.77;Random Forest;Best first;SMOTE;No;117;0;337;0;1;1;1;1
BOOKKEEPER;3;30.09;36.44;25.77;Random Forest;Best first;SMOTE;Sensitive Threshold;59;0;337;58;1;0.5;0.75;0.6
BOOKKEEPER;3;30.09;36.44;25.77;Random Forest;Best first;SMOTE;Sensitive Learning;117;1;336;0;0.99;1;1;0.99
BOOKKEEPER;3;30.09;36.44;25.77;IBk;No;No;No;117;0;337;0;1;1;1;1
BOOKKEEPER;3;30.09;36.44;25.77;IBk;No;No;Sensitive Threshold;117;0;337;0;1;1;1;1
BOOKKEEPER;3;30.09;36.44;25.77;IBk;No;No;Sensitive Learning;117;0;337;0;1;1;1;1
BOOKKEEPER;3;30.09;36.44;25.77;IBk;No;oversampling;No;110;33;304;7;0.77;0.94;0.9;0.79
BOOKKEEPER;3;30.09;36.44;25.77;IBk;No;oversampling;Sensitive Threshold;110;33;304;7;0.77;0.94;0.92;0.79
BOOKKEEPER;3;30.09;36.44;25.77;IBk;No;oversampling;Sensitive Learning;113;31;306;4;0.78;0.97;0.93;0.81
BOOKKEEPER;3;30.09;36.44;25.77;IBk;No;undersampling;No;117;39;298;0;0.75;1;0.94;0.8
BOOKKEEPER;3;30.09;36.44;25.77;IBk;No;undersampling;Sensitive Threshold;117;39;298;0;0.75;1;0.94;0.8
BOOKKEEPER;3;30.09;36.44;25.77;IBk;No;undersampling;Sensitive Learning;117;42;295;0;0.74;1;0.94;0.78
BOOKKEEPER;3;30.09;36.44;25.77;IBk;No;SMOTE;No;117;0;337;0;1;1;1;1
BOOKKEEPER;3;30.09;36.44;25.77;IBk;No;SMOTE;Sensitive Threshold;117;0;337;0;1;1;1;1
BOOKKEEPER;3;30.09;36.44;25.77;IBk;No;SMOTE;Sensitive Learning;117;1;336;0;0.99;1;1;0.99
BOOKKEEPER;3;30.09;36.44;25.77;IBk;Best first;No;No;117;0;337;0;1;1;1;1
BOOKKEEPER;3;30.09;36.44;25.77;IBk;Best first;No;Sensitive Threshold;117;0;337;0;1;1;1;1
BOOKKEEPER;3;30.09;36.44;25.77;IBk;Best first;No;Sensitive Learning;117;0;337;0;1;1;1;1
BOOKKEEPER;3;30.09;36.44;25.77;IBk;Best first;oversampling;No;107;49;288;10;0.69;0.91;0.89;0.69
BOOKKEEPER;3;30.09;36.44;25.77;IBk;Best first;oversampling;Sensitive Threshold;107;49;288;10;0.69;0.91;0.88;0.69
BOOKKEEPER;3;30.09;36.44;25.77;IBk;Best first;oversampling;Sensitive Learning;114;44;293;3;0.72;0.97;0.93;0.76
BOOKKEEPER;3;30.09;36.44;25.77;IBk;Best first;undersampling;No;117;54;283;0;0.68;1;0.93;0.73
BOOKKEEPER;3;30.09;36.44;25.77;IBk;Best first;undersampling;Sensitive Threshold;117;54;283;0;0.68;1;0.92;0.73
BOOKKEEPER;3;30.09;36.44;25.77;IBk;Best first;undersampling;Sensitive Learning;117;53;284;0;0.69;1;0.92;0.73
BOOKKEEPER;3;30.09;36.44;25.77;IBk;Best first;SMOTE;No;117;0;337;0;1;1;1;1
BOOKKEEPER;3;30.09;36.44;25.77;IBk;Best first;SMOTE;Sensitive Threshold;117;0;337;0;1;1;1;1
BOOKKEEPER;3;30.09;36.44;25.77;IBk;Best first;SMOTE;Sensitive Learning;117;1;336;0;0.99;1;1;0.99
BOOKKEEPER;3;30.09;36.44;25.77;Naive Bayes;No;No;No;17;20;317;100;0.46;0.15;0.82;0.11
BOOKKEEPER;3;30.09;36.44;25.77;Naive Bayes;No;No;Sensitive Threshold;13;15;322;104;0.46;0.11;0.53;0.09
BOOKKEEPER;3;30.09;36.44;25.77;Naive Bayes;No;No;Sensitive Learning;21;21;316;96;0.5;0.18;0.89;0.15
BOOKKEEPER;3;30.09;36.44;25.77;Naive Bayes;No;oversampling;No;19;21;316;98;0.47;0.16;0.83;0.13
BOOKKEEPER;3;30.09;36.44;25.77;Naive Bayes;No;oversampling;Sensitive Threshold;16;13;324;101;0.55;0.14;0.55;0.13
BOOKKEEPER;3;30.09;36.44;25.77;Naive Bayes;No;oversampling;Sensitive Learning;18;18;319;99;0.5;0.15;0.88;0.13
BOOKKEEPER;3;30.09;36.44;25.77;Naive Bayes;No;undersampling;No;19;21;316;98;0.47;0.16;0.8;0.13
BOOKKEEPER;3;30.09;36.44;25.77;Naive Bayes;No;undersampling;Sensitive Threshold;14;13;324;103;0.52;0.12;0.54;0.11
BOOKKEEPER;3;30.09;36.44;25.77;Naive Bayes;No;undersampling;Sensitive Learning;25;20;317;92;0.56;0.21;0.89;0.19
BOOKKEEPER;3;30.09;36.44;25.77;Naive Bayes;No;SMOTE;No;20;22;315;97;0.48;0.17;0.82;0.13
BOOKKEEPER;3;30.09;36.44;25.77;Naive Bayes;No;SMOTE;Sensitive Threshold;14;17;320;103;0.45;0.12;0.53;0.09
BOOKKEEPER;3;30.09;36.44;25.77;Naive Bayes;No;SMOTE;Sensitive Learning;31;24;313;86;0.56;0.26;0.89;0.23
BOOKKEEPER;3;30.09;36.44;25.77;Naive Bayes;Best first;No;No;15;6;331;102;0.71;0.13;0.96;0.15
BOOKKEEPER;3;30.09;36.44;25.77;Naive Bayes;Best first;No;Sensitive Threshold;1;1;336;116;0.5;0.01;0.5;0.01
BOOKKEEPER;3;30.09;36.44;25.77;Naive Bayes;Best first;No;Sensitive Learning;100;7;330;17;0.93;0.85;0.98;0.86
BOOKKEEPER;3;30.09;36.44;25.77;Naive Bayes;Best first;oversampling;No;88;28;309;29;0.76;0.75;0.93;0.67
BOOKKEEPER;3;30.09;36.44;25.77;Naive Bayes;Best first;oversampling;Sensitive Threshold;2;0;337;115;1;0.02;0.51;0.03
BOOKKEEPER;3;30.09;36.44;25.77;Naive Bayes;Best first;oversampling;Sensitive Learning;101;29;308;16;0.78;0.86;0.94;0.75
BOOKKEEPER;3;30.09;36.44;25.77;Naive Bayes;Best first;undersampling;No;85;15;322;32;0.85;0.73;0.96;0.72
BOOKKEEPER;3;30.09;36.44;25.77;Naive Bayes;Best first;undersampling;Sensitive Threshold;0;1;336;117;0;0;0.5;0
BOOKKEEPER;3;30.09;36.44;25.77;Naive Bayes;Best first;undersampling;Sensitive Learning;108;38;299;9;0.74;0.92;0.96;0.75
BOOKKEEPER;3;30.09;36.44;25.77;Naive Bayes;Best first;SMOTE;No;37;11;326;80;0.77;0.32;0.95;0.35
BOOKKEEPER;3;30.09;36.44;25.77;Naive Bayes;Best first;SMOTE;Sensitive Threshold;4;1;336;113;0.8;0.03;0.52;0.05
BOOKKEEPER;3;30.09;36.44;25.77;Naive Bayes;Best first;SMOTE;Sensitive Learning;99;17;320;18;0.85;0.85;0.97;0.8
BOOKKEEPER;4;43.77;33.1;22.5;Random Forest;No;No;No;99;7;451;34;0.93;0.74;0.91;0.79
BOOKKEEPER;4;43.77;33.1;22.5;Random Forest;No;No;Sensitive Threshold;15;0;458;118;1;0.11;0.56;0.16
BOOKKEEPER;4;43.77;33.1;22.5;Random Forest;No;No;Sensitive Learning;101;13;445;32;0.89;0.76;0.9;0.77
BOOKKEEPER;4;43.77;33.1;22.5;Random Forest;No;oversampling;No;100;107;351;33;0.48;0.75;0.88;0.43
BOOKKEEPER;4;43.77;33.1;22.5;Random Forest;No;oversampling;Sensitive Threshold;18;0;458;115;1;0.14;0.57;0.2
BOOKKEEPER;4;43.77;33.1;22.5;Random Forest;No;oversampling;Sensitive Learning;107;95;363;26;0.53;0.8;0.9;0.5
BOOKKEEPER;4;43.77;33.1;22.5;Random Forest;No;undersampling;No;109;119;339;24;0.48;0.82;0.9;0.45
BOOKKEEPER;4;43.77;33.1;22.5;Random Forest;No;undersampling;Sensitive Threshold;16;0;458;117;1;0.12;0.56;0.17
BOOKKEEPER;4;43.77;33.1;22.5;Random Forest;No;undersampling;Sensitive Learning;109;107;351;24;0.5;0.82;0.9;0.48
BOOKKEEPER;4;43.77;33.1;22.5;Random Forest;No;SMOTE;No;112;111;347;21;0.5;0.84;0.9;0.48
BOOKKEEPER;4;43.77;33.1;22.5;Random Forest;No;SMOTE;Sensitive Threshold;11;0;458;122;1;0.08;0.54;0.12
BOOKKEEPER;4;43.77;33.1;22.5;Random Forest;No;SMOTE;Sensitive Learning;99;13;445;34;0.88;0.74;0.9;0.76
BOOKKEEPER;4;43.77;33.1;22.5;Random Forest;Best first;No;No;99;12;446;34;0.89;0.74;0.9;0.76
BOOKKEEPER;4;43.77;33.1;22.5;Random Forest;Best first;No;Sensitive Threshold;77;1;457;56;0.99;0.58;0.79;0.68
BOOKKEEPER;4;43.77;33.1;22.5;Random Forest;Best first;No;Sensitive Learning;96;14;444;37;0.87;0.72;0.89;0.74
BOOKKEEPER;4;43.77;33.1;22.5;Random Forest;Best first;oversampling;No;109;148;310;24;0.42;0.82;0.87;0.37
BOOKKEEPER;4;43.77;33.1;22.5;Random Forest;Best first;oversampling;Sensitive Threshold;86;12;446;47;0.88;0.65;0.81;0.68
BOOKKEEPER;4;43.77;33.1;22.5;Random Forest;Best first;oversampling;Sensitive Learning;109;132;326;24;0.45;0.82;0.87;0.41
BOOKKEEPER;4;43.77;33.1;22.5;Random Forest;Best first;undersampling;No;113;145;313;20;0.44;0.85;0.89;0.4
BOOKKEEPER;4;43.77;33.1;22.5;Random Forest;Best first;undersampling;Sensitive Threshold;96;7;451;37;0.93;0.72;0.85;0.77
BOOKKEEPER;4;43.77;33.1;22.5;Random Forest;Best first;undersampling;Sensitive Learning;108;109;349;25;0.5;0.81;0.87;0.47
BOOKKEEPER;4;43.77;33.1;22.5;Random Forest;Best first;SMOTE;No;112;165;293;21;0.4;0.84;0.89;0.35
BOOKKEEPER;4;43.77;33.1;22.5;Random Forest;Best first;SMOTE;Sensitive Threshold;92;1;457;41;0.99;0.69;0.84;0.77
BOOKKEEPER;4;43.77;33.1;22.5;Random Forest;Best first;SMOTE;Sensitive Learning;96;14;444;37;0.87;0.72;0.87;0.74
BOOKKEEPER;4;43.77;33.1;22.5;IBk;No;No;No;104;15;443;29;0.87;0.78;0.87;0.78
BOOKKEEPER;4;43.77;33.1;22.5;IBk;No;No;Sensitive Threshold;104;15;443;29;0.87;0.78;0.87;0.78
BOOKKEEPER;4;43.77;33.1;22.5;IBk;No;No;Sensitive Learning;104;15;443;29;0.87;0.78;0.87;0.78
BOOKKEEPER;4;43.77;33.1;22.5;IBk;No;oversampling;No;103;28;430;30;0.79;0.77;0.82;0.72
BOOKKEEPER;4;43.77;33.1;22.5;IBk;No;oversampling;Sensitive Threshold;102;28;430;31;0.78;0.77;0.85;0.71
BOOKKEEPER;4;43.77;33.1;22.5;IBk;No;oversampling;Sensitive Learning;107;24;434;26;0.82;0.8;0.84;0.76
BOOKKEEPER;4;43.77;33.1;22.5;IBk;No;undersampling;No;107;41;417;26;0.72;0.8;0.87;0.69
BOOKKEEPER;4;43.77;33.1;22.5;IBk;No;undersampling;Sensitive Threshold;107;40;418;26;0.73;0.8;0.86;0.69
BOOKKEEPER;4;43.77;33.1;22.5;IBk;No;undersampling;Sensitive Learning;109;43;415;24;0.72;0.82;0.88;0.69
BOOKKEEPER;4;43.77;33.1;22.5;IBk;No;SMOTE;No;105;153;305;28;0.41;0.79;0.73;0.34
BOOKKEEPER;4;43.77;33.1;22.5;IBk;No;SMOTE;Sensitive Threshold;105;153;305;28;0.41;0.79;0.73;0.34
BOOKKEEPER;4;43.77;33.1;22.5;IBk;No;SMOTE;Sensitive Learning;103;15;443;30;0.87;0.77;0.89;0.77
BOOKKEEPER;4;43.77;33.1;22.5;IBk;Best first;No;No;100;129;329;33;0.44;0.75;0.75;0.37
BOOKKEEPER;4;43.77;33.1;22.5;IBk;Best first;No;Sensitive Threshold;100;129;329;33;0.44;0.75;0.74;0.37
BOOKKEEPER;4;43.77;33.1;22.5;IBk;Best first;No;Sensitive Learning;100;129;329;33;0.44;0.75;0.75;0.37
BOOKKEEPER;4;43.77;33.1;22.5;IBk;Best first;oversampling;No;110;138;320;23;0.44;0.83;0.8;0.4
BOOKKEEPER;4;43.77;33.1;22.5;IBk;Best first;oversampling;Sensitive Threshold;107;136;322;26;0.44;0.8;0.75;0.39
BOOKKEEPER;4;43.77;33.1;22.5;IBk;Best first;oversampling;Sensitive Learning;108;135;323;25;0.44;0.81;0.76;0.4
BOOKKEEPER;4;43.77;33.1;22.5;IBk;Best first;undersampling;No;110;146;312;23;0.43;0.83;0.75;0.38
BOOKKEEPER;4;43.77;33.1;22.5;IBk;Best first;undersampling;Sensitive Threshold;110;143;315;23;0.43;0.83;0.76;0.39
BOOKKEEPER;4;43.77;33.1;22.5;IBk;Best first;undersampling;Sensitive Learning;112;146;312;21;0.43;0.84;0.78;0.39
BOOKKEEPER;4;43.77;33.1;22.5;IBk;Best first;SMOTE;No;102;158;300;31;0.39;0.77;0.71;0.32
BOOKKEEPER;4;43.77;33.1;22.5;IBk;Best first;SMOTE;Sensitive Threshold;102;158;300;31;0.39;0.77;0.71;0.32
BOOKKEEPER;4;43.77;33.1;22.5;IBk;Best first;SMOTE;Sensitive Learning;101;78;380;32;0.56;0.76;0.81;0.52
BOOKKEEPER;4;43.77;33.1;22.5;Naive Bayes;No;No;No;1;42;416;132;0.02;0.01;0.65;-0.11
BOOKKEEPER;4;43.77;33.1;22.5;Naive Bayes;No;No;Sensitive Threshold;1;36;422;132;0.03;0.01;0.46;-0.1
BOOKKEEPER;4;43.77;33.1;22.5;Naive Bayes;No;No;Sensitive Learning;2;43;415;131;0.04;0.02;0.7;-0.1
BOOKKEEPER;4;43.77;33.1;22.5;Naive Bayes;No;oversampling;No;1;43;415;132;0.02;0.01;0.63;-0.11
BOOKKEEPER;4;43.77;33.1;22.5;Naive Bayes;No;oversampling;Sensitive Threshold;1;38;420;132;0.03;0.01;0.46;-0.1
BOOKKEEPER;4;43.77;33.1;22.5;Naive Bayes;No;oversampling;Sensitive Learning;2;44;414;131;0.04;0.02;0.72;-0.11
BOOKKEEPER;4;43.77;33.1;22.5;Naive Bayes;No;undersampling;No;1;45;413;132;0.02;0.01;0.64;-0.12
BOOKKEEPER;4;43.77;33.1;22.5;Naive Bayes;No;undersampling;Sensitive Threshold;1;37;421;132;0.03;0.01;0.46;-0.1
BOOKKEEPER;4;43.77;33.1;22.5;Naive Bayes;No;undersampling;Sensitive Learning;2;42;416;131;0.05;0.02;0.72;-0.1
BOOKKEEPER;4;43.77;33.1;22.5;Naive Bayes;No;SMOTE;No;6;61;397;127;0.09;0.05;0.68;-0.11
BOOKKEEPER;4;43.77;33.1;22.5;Naive Bayes;No;SMOTE;Sensitive Threshold;1;41;417;132;0.02;0.01;0.46;-0.11
BOOKKEEPER;4;43.77;33.1;22.5;Naive Bayes;No;SMOTE;Sensitive Learning;8;53;405;125;0.13;0.06;0.73;-0.07
BOOKKEEPER;4;43.77;33.1;22.5;Naive Bayes;Best first;No;No;58;6;452;75;0.91;0.44;0.88;0.52
BOOKKEEPER;4;43.77;33.1;22.5;Naive Bayes;Best first;No;Sensitive Threshold;1;1;457;132;0.5;0.01;0.5;0.01
BOOKKEEPER;4;43.77;33.1;22.5;Naive Bayes;Best first;No;Sensitive Learning;91;9;449;42;0.91;0.68;0.89;0.73
BOOKKEEPER;4;43.77;33.1;22.5;Naive Bayes;Best first;oversampling;No;83;27;431;50;0.75;0.62;0.85;0.6
BOOKKEEPER;4;43.77;33.1;22.5;Naive Bayes;Best first;oversampling;Sensitive Threshold;6;5;453;127;0.55;0.05;0.52;0.05
BOOKKEEPER;4;43.77;33.1;22.5;Naive Bayes;Best first;oversampling;Sensitive Learning;96;34;424;37;0.74;0.72;0.86;0.65
BOOKKEEPER;4;43.77;33.1;22.5;Naive Bayes;Best first;undersampling;No;97;21;437;36;0.82;0.73;0.87;0.71
BOOKKEEPER;4;43.77;33.1;22.5;Naive Bayes;Best first;undersampling;Sensitive Threshold;1;1;457;132;0.5;0.01;0.5;0.01
BOOKKEEPER;4;43.77;33.1;22.5;Naive Bayes;Best first;undersampling;Sensitive Learning;98;28;430;35;0.78;0.74;0.87;0.69
BOOKKEEPER;4;43.77;33.1;22.5;Naive Bayes;Best first;SMOTE;No;101;101;357;32;0.5;0.76;0.89;0.46
BOOKKEEPER;4;43.77;33.1;22.5;Naive Bayes;Best first;SMOTE;Sensitive Threshold;39;0;458;94;1;0.29;0.65;0.39
BOOKKEEPER;4;43.77;33.1;22.5;Naive Bayes;Best first;SMOTE;Sensitive Learning;96;14;444;37;0.87;0.72;0.87;0.74
BOOKKEEPER;5;61.57;30.04;16.8;Random Forest;No;No;No;97;29;486;7;0.77;0.93;0.98;0.81
BOOKKEEPER;5;61.57;30.04;16.8;Random Forest;No;No;Sensitive Threshold;43;2;513;61;0.96;0.41;0.7;0.53
BOOKKEEPER;5;61.57;30.04;16.8;Random Forest;No;No;Sensitive Learning;99;31;484;5;0.76;0.95;0.98;0.81
BOOKKEEPER;5;61.57;30.04;16.8;Random Forest;No;oversampling;No;100;88;427;4;0.53;0.96;0.97;0.6
BOOKKEEPER;5;61.57;30.04;16.8;Random Forest;No;oversampling;Sensitive Threshold;69;10;505;35;0.87;0.66;0.82;0.71
BOOKKEEPER;5;61.57;30.04;16.8;Random Forest;No;oversampling;Sensitive Learning;99;70;445;5;0.59;0.95;0.98;0.65
BOOKKEEPER;5;61.57;30.04;16.8;Random Forest;No;undersampling;No;101;101;414;3;0.5;0.97;0.98;0.56
BOOKKEEPER;5;61.57;30.04;16.8;Random Forest;No;undersampling;Sensitive Threshold;62;8;507;42;0.89;0.6;0.79;0.67
BOOKKEEPER;5;61.57;30.04;16.8;Random Forest;No;undersampling;Sensitive Learning;101;100;415;3;0.5;0.97;0.98;0.57
BOOKKEEPER;5;61.57;30.04;16.8;Random Forest;No;SMOTE;No;100;49;466;4;0.67;0.96;0.98;0.74
BOOKKEEPER;5;61.57;30.04;16.8;Random Forest;No;SMOTE;Sensitive Threshold;63;10;505;41;0.86;0.61;0.79;0.67
BOOKKEEPER;5;61.57;30.04;16.8;Random Forest;No;SMOTE;Sensitive Learning;101;50;465;3;0.67;0.97;0.98;0.74
BOOKKEEPER;5;61.57;30.04;16.8;Random Forest;Best first;No;No;96;27;488;8;0.78;0.92;0.98;0.81
BOOKKEEPER;5;61.57;30.04;16.8;Random Forest;Best first;No;Sensitive Threshold;79;13;502;25;0.86;0.76;0.87;0.77
BOOKKEEPER;5;61.57;30.04;16.8;Random Forest;Best first;No;Sensitive Learning;98;28;487;6;0.78;0.94;0.98;0.82
BOOKKEEPER;5;61.57;30.04;16.8;Random Forest;Best first;oversampling;No;102;91;424;2;0.53;0.98;0.96;0.6
BOOKKEEPER;5;61.57;30.04;16.8;Random Forest;Best first;oversampling;Sensitive Threshold;88;26;489;16;0.77;0.85;0.9;0.77
BOOKKEEPER;5;61.57;30.04;16.8;Random Forest;Best first;oversampling;Sensitive Learning;99;75;440;5;0.57;0.95;0.96;0.64
BOOKKEEPER;5;61.57;30.04;16.8;Random Forest;Best first;undersampling;No;102;123;392;2;0.45;0.98;0.97;0.51
BOOKKEEPER;5;61.57;30.04;16.8;Random Forest;Best first;undersampling;Sensitive Threshold;82;20;495;22;0.8;0.79;0.87;0.76
BOOKKEEPER;5;61.57;30.04;16.8;Random Forest;Best first;undersampling;Sensitive Learning;101;119;396;3;0.46;0.97;0.96;0.51
BOOKKEEPER;5;61.57;30.04;16.8;Random Forest;Best first;SMOTE;No;102;53;462;2;0.66;0.98;0.98;0.73
BOOKKEEPER;5;61.57;30.04;16.8;Random Forest;Best first;SMOTE;Sensitive Threshold;81;14;501;23;0.85;0.78;0.88;0.78
BOOKKEEPER;5;61.57;30.04;16.8;Random Forest;Best first;SMOTE;Sensitive Learning;102;52;463;2;0.66;0.98;0.98;0.74
BOOKKEEPER;5;61.57;30.04;16.8;IBk;No;No;No;100;72;443;4;0.58;0.96;0.91;0.65
BOOKKEEPER;5;61.57;30.04;16.8;IBk;No;No;Sensitive Threshold;100;70;445;4;0.59;0.96;0.91;0.66
BOOKKEEPER;5;61.57;30.04;16.8;IBk;No;No;Sensitive Learning;100;89;426;4;0.53;0.96;0.91;0.59
BOOKKEEPER;5;61.57;30.04;16.8;IBk;No;oversampling;No;99;130;385;5;0.43;0.95;0.85;0.47
BOOKKEEPER;5;61.57;30.04;16.8;IBk;No;oversampling;Sensitive Threshold;99;115;400;5;0.46;0.95;0.86;0.51
BOOKKEEPER;5;61.57;30.04;16.8;IBk;No;oversampling;Sensitive Learning;101;102;413;3;0.5;0.97;0.87;0.56
BOOKKEEPER;5;61.57;30.04;16.8;IBk;No;undersampling;No;102;134;381;2;0.43;0.98;0.86;0.48
BOOKKEEPER;5;61.57;30.04;16.8;IBk;No;undersampling;Sensitive Threshold;102;126;389;2;0.45;0.98;0.87;0.5
BOOKKEEPER;5;61.57;30.04;16.8;IBk;No;undersampling;Sensitive Learning;102;139;376;2;0.42;0.98;0.85;0.47
BOOKKEEPER;5;61.57;30.04;16.8;IBk;No;SMOTE;No;100;84;431;4;0.54;0.96;0.9;0.61
BOOKKEEPER;5;61.57;30.04;16.8;IBk;No;SMOTE;Sensitive Threshold;100;83;432;4;0.55;0.96;0.9;0.61
BOOKKEEPER;5;61.57;30.04;16.8;IBk;No;SMOTE;Sensitive Learning;100;101;414;4;0.5;0.96;0.9;0.56
BOOKKEEPER;5;61.57;30.04;16.8;IBk;Best first;No;No;98;37;478;6;0.73;0.94;0.94;0.78
BOOKKEEPER;5;61.57;30.04;16.8;IBk;Best first;No;Sensitive Threshold;98;37;478;6;0.73;0.94;0.94;0.78
BOOKKEEPER;5;61.57;30.04;16.8;IBk;Best first;No;Sensitive Learning;98;37;478;6;0.73;0.94;0.94;0.78
BOOKKEEPER;5;61.57;30.04;16.8;IBk;Best first;oversampling;No;98;82;433;6;0.54;0.94;0.91;0.61
BOOKKEEPER;5;61.57;30.04;16.8;IBk;Best first;oversampling;Sensitive Threshold;98;73;442;6;0.57;0.94;0.9;0.64
BOOKKEEPER;5;61.57;30.04;16.8;IBk;Best first;oversampling;Sensitive Learning;99;67;448;5;0.6;0.95;0.93;0.66
BOOKKEEPER;5;61.57;30.04;16.8;IBk;Best first;undersampling;No;100;96;419;4;0.51;0.96;0.9;0.57
BOOKKEEPER;5;61.57;30.04;16.8;IBk;Best first;undersampling;Sensitive Threshold;100;88;427;4;0.53;0.96;0.9;0.6
BOOKKEEPER;5;61.57;30.04;16.8;IBk;Best first;undersampling;Sensitive Learning;100;100;415;4;0.5;0.96;0.9;0.56
BOOKKEEPER;5;61.57;30.04;16.8;IBk;Best first;SMOTE;No;98;42;473;6;0.7;0.94;0.93;0.76
BOOKKEEPER;5;61.57;30.04;16.8;IBk;Best first;SMOTE;Sensitive Threshold;98;42;473;6;0.7;0.94;0.93;0.76
BOOKKEEPER;5;61.57;30.04;16.8;IBk;Best first;SMOTE;Sensitive Learning;98;42;473;6;0.7;0.94;0.94;0.76
BOOKKEEPER;5;61.57;30.04;16.8;Naive Bayes;No;No;No;7;7;508;97;0.5;0.07;0.95;0.08
BOOKKEEPER;5;61.57;30.04;16.8;Naive Bayes;No;No;Sensitive Threshold;4;6;509;100;0.4;0.04;0.51;0.04
BOOKKEEPER;5;61.57;30.04;16.8;Naive Bayes;No;No;Sensitive Learning;11;12;503;93;0.48;0.11;0.96;0.12
BOOKKEEPER;5;61.57;30.04;16.8;Naive Bayes;No;oversampling;No;8;8;507;96;0.5;0.08;0.94;0.09
BOOKKEEPER;5;61.57;30.04;16.8;Naive Bayes;No;oversampling;Sensitive Threshold;4;7;508;100;0.36;0.04;0.51;0.04
BOOKKEEPER;5;61.57;30.04;16.8;Naive Bayes;No;oversampling;Sensitive Learning;8;9;506;96;0.47;0.08;0.95;0.09
BOOKKEEPER;5;61.57;30.04;16.8;Naive Bayes;No;undersampling;No;8;9;506;96;0.47;0.08;0.93;0.09
BOOKKEEPER;5;61.57;30.04;16.8;Naive Bayes;No;undersampling;Sensitive Threshold;4;6;509;100;0.4;0.04;0.51;0.04
BOOKKEEPER;5;61.57;30.04;16.8;Naive Bayes;No;undersampling;Sensitive Learning;10;13;502;94;0.43;0.1;0.95;0.1
BOOKKEEPER;5;61.57;30.04;16.8;Naive Bayes;No;SMOTE;No;47;18;497;57;0.72;0.45;0.95;0.49
BOOKKEEPER;5;61.57;30.04;16.8;Naive Bayes;No;SMOTE;Sensitive Threshold;10;11;504;94;0.48;0.1;0.54;0.11
BOOKKEEPER;5;61.57;30.04;16.8;Naive Bayes;No;SMOTE;Sensitive Learning;71;22;493;33;0.76;0.68;0.96;0.67
BOOKKEEPER;5;61.57;30.04;16.8;Naive Bayes;Best first;No;No;75;14;501;29;0.84;0.72;0.97;0.74
BOOKKEEPER;5;61.57;30.04;16.8;Naive Bayes;Best first;No;Sensitive Threshold;2;1;514;102;0.67;0.02;0.51;0.03
BOOKKEEPER;5;61.57;30.04;16.8;Naive Bayes;Best first;No;Sensitive Learning;97;24;491;7;0.8;0.93;0.97;0.83
BOOKKEEPER;5;61.57;30.04;16.8;Naive Bayes;Best first;oversampling;No;82;32;483;22;0.72;0.79;0.95;0.7
BOOKKEEPER;5;61.57;30.04;16.8;Naive Bayes;Best first;oversampling;Sensitive Threshold;11;5;510;93;0.69;0.11;0.55;0.15
BOOKKEEPER;5;61.57;30.04;16.8;Naive Bayes;Best first;oversampling;Sensitive Learning;94;32;483;10;0.75;0.9;0.96;0.78
BOOKKEEPER;5;61.57;30.04;16.8;Naive Bayes;Best first;undersampling;No;75;22;493;29;0.77;0.72;0.96;0.7
BOOKKEEPER;5;61.57;30.04;16.8;Naive Bayes;Best first;undersampling;Sensitive Threshold;4;1;514;100;0.8;0.04;0.52;0.06
BOOKKEEPER;5;61.57;30.04;16.8;Naive Bayes;Best first;undersampling;Sensitive Learning;92;32;483;12;0.74;0.88;0.96;0.76
BOOKKEEPER;5;61.57;30.04;16.8;Naive Bayes;Best first;SMOTE;No;97;42;473;7;0.7;0.93;0.97;0.75
BOOKKEEPER;5;61.57;30.04;16.8;Naive Bayes;Best first;SMOTE;Sensitive Threshold;44;7;508;60;0.86;0.42;0.7;0.51
BOOKKEEPER;5;61.57;30.04;16.8;Naive Bayes;Best first;SMOTE;Sensitive Learning;99;43;472;5;0.7;0.95;0.97;0.76
BOOKKEEPER;6;80.21;26.96;19.03;Random Forest;No;No;No;102;11;521;23;0.9;0.82;0.97;0.83
BOOKKEEPER;6;80.21;26.96;19.03;Random Forest;No;No;Sensitive Threshold;21;0;532;104;1;0.17;0.58;0.25
BOOKKEEPER;6;80.21;26.96;19.03;Random Forest;No;No;Sensitive Learning;104;14;518;21;0.88;0.83;0.97;0.82
BOOKKEEPER;6;80.21;26.96;19.03;Random Forest;No;oversampling;No;109;21;511;16;0.84;0.87;0.95;0.82
BOOKKEEPER;6;80.21;26.96;19.03;Random Forest;No;oversampling;Sensitive Threshold;61;3;529;64;0.95;0.49;0.74;0.59
BOOKKEEPER;6;80.21;26.96;19.03;Random Forest;No;oversampling;Sensitive Learning;109;23;509;16;0.83;0.87;0.95;0.81
BOOKKEEPER;6;80.21;26.96;19.03;Random Forest;No;undersampling;No;112;36;496;13;0.76;0.9;0.95;0.77
BOOKKEEPER;6;80.21;26.96;19.03;Random Forest;No;undersampling;Sensitive Threshold;46;1;531;79;0.98;0.37;0.68;0.48
BOOKKEEPER;6;80.21;26.96;19.03;Random Forest;No;undersampling;Sensitive Learning;112;33;499;13;0.77;0.9;0.95;0.79
BOOKKEEPER;6;80.21;26.96;19.03;Random Forest;No;SMOTE;No;104;14;518;21;0.88;0.83;0.97;0.82
BOOKKEEPER;6;80.21;26.96;19.03;Random Forest;No;SMOTE;Sensitive Threshold;25;0;532;100;1;0.2;0.6;0.29
BOOKKEEPER;6;80.21;26.96;19.03;Random Forest;No;SMOTE;Sensitive Learning;105;21;511;20;0.83;0.84;0.97;0.8
BOOKKEEPER;6;80.21;26.96;19.03;Random Forest;Best first;No;No;105;15;517;20;0.88;0.84;0.95;0.82
BOOKKEEPER;6;80.21;26.96;19.03;Random Forest;Best first;No;Sensitive Threshold;82;3;529;43;0.96;0.66;0.83;0.74
BOOKKEEPER;6;80.21;26.96;19.03;Random Forest;Best first;No;Sensitive Learning;105;18;514;20;0.85;0.84;0.94;0.81
BOOKKEEPER;6;80.21;26.96;19.03;Random Forest;Best first;oversampling;No;108;64;468;17;0.63;0.86;0.93;0.65
BOOKKEEPER;6;80.21;26.96;19.03;Random Forest;Best first;oversampling;Sensitive Threshold;101;12;520;24;0.89;0.81;0.89;0.82
BOOKKEEPER;6;80.21;26.96;19.03;Random Forest;Best first;oversampling;Sensitive Learning;109;54;478;16;0.67;0.87;0.93;0.69
BOOKKEEPER;6;80.21;26.96;19.03;Random Forest;Best first;undersampling;No;111;36;496;14;0.76;0.89;0.93;0.77
BOOKKEEPER;6;80.21;26.96;19.03;Random Forest;Best first;undersampling;Sensitive Threshold;96;11;521;29;0.9;0.77;0.87;0.79
BOOKKEEPER;6;80.21;26.96;19.03;Random Forest;Best first;undersampling;Sensitive Learning;110;37;495;15;0.75;0.88;0.92;0.76
BOOKKEEPER;6;80.21;26.96;19.03;Random Forest;Best first;SMOTE;No;108;52;480;17;0.68;0.86;0.94;0.69
BOOKKEEPER;6;80.21;26.96;19.03;Random Forest;Best first;SMOTE;Sensitive Threshold;91;3;529;34;0.97;0.73;0.86;0.8
BOOKKEEPER;6;80.21;26.96;19.03;Random Forest;Best first;SMOTE;Sensitive Learning;111;53;479;14;0.68;0.89;0.95;0.7
BOOKKEEPER;6;80.21;26.96;19.03;IBk;No;No;No;105;15;517;20;0.88;0.84;0.91;0.82
BOOKKEEPER;6;80.21;26.96;19.03;IBk;No;No;Sensitive Threshold;105;15;517;20;0.88;0.84;0.91;0.82
BOOKKEEPER;6;80.21;26.96;19.03;IBk;No;No;Sensitive Learning;105;15;517;20;0.88;0.84;0.91;0.82
BOOKKEEPER;6;80.21;26.96;19.03;IBk;No;oversampling;No;108;44;488;17;0.71;0.86;0.89;0.72
BOOKKEEPER;6;80.21;26.96;19.03;IBk;No;oversampling;Sensitive Threshold;108;31;501;17;0.78;0.86;0.9;0.77
BOOKKEEPER;6;80.21;26.96;19.03;IBk;No;oversampling;Sensitive Learning;109;35;497;16;0.76;0.87;0.91;0.76
BOOKKEEPER;6;80.21;26.96;19.03;IBk;No;undersampling;No;110;64;468;15;0.63;0.88;0.87;0.66
BOOKKEEPER;6;80.21;26.96;19.03;IBk;No;undersampling;Sensitive Threshold;110;64;468;15;0.63;0.88;0.88;0.66
BOOKKEEPER;6;80.21;26.96;19.03;IBk;No;undersampling;Sensitive Learning;110;75;457;15;0.59;0.88;0.87;0.62
BOOKKEEPER;6;80.21;26.96;19.03;IBk;No;SMOTE;No;106;15;517;19;0.88;0.85;0.91;0.83
BOOKKEEPER;6;80.21;26.96;19.03;IBk;No;SMOTE;Sensitive Threshold;106;15;517;19;0.88;0.85;0.91;0.83
BOOKKEEPER;6;80.21;26.96;19.03;IBk;No;SMOTE;Sensitive Learning;106;15;517;19;0.88;0.85;0.9;0.83
BOOKKEEPER;6;80.21;26.96;19.03;IBk;Best first;No;No;107;27;505;18;0.8;0.86;0.93;0.78
BOOKKEEPER;6;80.21;26.96;19.03;IBk;Best first;No;Sensitive Threshold;107;27;505;18;0.8;0.86;0.9;0.78
BOOKKEEPER;6;80.21;26.96;19.03;IBk;Best first;No;Sensitive Learning;108;39;493;17;0.73;0.86;0.93;0.74
BOOKKEEPER;6;80.21;26.96;19.03;IBk;Best first;oversampling;No;109;46;486;16;0.7;0.87;0.91;0.72
BOOKKEEPER;6;80.21;26.96;19.03;IBk;Best first;oversampling;Sensitive Threshold;109;35;497;16;0.76;0.87;0.9;0.76
BOOKKEEPER;6;80.21;26.96;19.03;IBk;Best first;oversampling;Sensitive Learning;109;37;495;16;0.75;0.87;0.91;0.75
BOOKKEEPER;6;80.21;26.96;19.03;IBk;Best first;undersampling;No;113;85;447;12;0.57;0.9;0.9;0.61
BOOKKEEPER;6;80.21;26.96;19.03;IBk;Best first;undersampling;Sensitive Threshold;113;75;457;12;0.6;0.9;0.88;0.64
BOOKKEEPER;6;80.21;26.96;19.03;IBk;Best first;undersampling;Sensitive Learning;113;90;442;12;0.56;0.9;0.89;0.59
BOOKKEEPER;6;80.21;26.96;19.03;IBk;Best first;SMOTE;No;107;29;503;18;0.79;0.86;0.92;0.78
BOOKKEEPER;6;80.21;26.96;19.03;IBk;Best first;SMOTE;Sensitive Threshold;107;29;503;18;0.79;0.86;0.9;0.78
BOOKKEEPER;6;80.21;26.96;19.03;IBk;Best first;SMOTE;Sensitive Learning;109;40;492;16;0.73;0.87;0.92;0.74
BOOKKEEPER;6;80.21;26.96;19.03;Naive Bayes;No;No;No;5;3;529;120;0.62;0.04;0.95;0.05
BOOKKEEPER;6;80.21;26.96;19.03;Naive Bayes;No;No;Sensitive Threshold;3;3;529;122;0.5;0.02;0.51;0.03
BOOKKEEPER;6;80.21;26.96;19.03;Naive Bayes;No;No;Sensitive Learning;13;4;528;112;0.76;0.1;0.95;0.14
BOOKKEEPER;6;80.21;26.96;19.03;Naive Bayes;No;oversampling;No;11;6;526;114;0.65;0.09;0.94;0.11
BOOKKEEPER;6;80.21;26.96;19.03;Naive Bayes;No;oversampling;Sensitive Threshold;3;2;530;122;0.6;0.02;0.51;0.03
BOOKKEEPER;6;80.21;26.96;19.03;Naive Bayes;No;oversampling;Sensitive Learning;82;10;522;43;0.89;0.66;0.95;0.71
BOOKKEEPER;6;80.21;26.96;19.03;Naive Bayes;No;undersampling;No;9;5;527;116;0.64;0.07;0.94;0.09
BOOKKEEPER;6;80.21;26.96;19.03;Naive Bayes;No;undersampling;Sensitive Threshold;3;3;529;122;0.5;0.02;0.51;0.03
BOOKKEEPER;6;80.21;26.96;19.03;Naive Bayes;No;undersampling;Sensitive Learning;27;6;526;98;0.82;0.22;0.94;0.28
BOOKKEEPER;6;80.21;26.96;19.03;Naive Bayes;No;SMOTE;No;36;7;525;89;0.84;0.29;0.95;0.37
BOOKKEEPER;6;80.21;26.96;19.03;Naive Bayes;No;SMOTE;Sensitive Threshold;6;4;528;119;0.6;0.05;0.52;0.06
BOOKKEEPER;6;80.21;26.96;19.03;Naive Bayes;No;SMOTE;Sensitive Learning;59;7;525;66;0.89;0.47;0.95;0.56
BOOKKEEPER;6;80.21;26.96;19.03;Naive Bayes;Best first;No;No;79;3;529;46;0.96;0.63;0.95;0.72
BOOKKEEPER;6;80.21;26.96;19.03;Naive Bayes;Best first;No;Sensitive Threshold;2;0;532;123;1;0.02;0.51;0.03
BOOKKEEPER;6;80.21;26.96;19.03;Naive Bayes;Best first;No;Sensitive Learning;101;7;525;24;0.94;0.81;0.95;0.84
BOOKKEEPER;6;80.21;26.96;19.03;Naive Bayes;Best first;oversampling;No;104;18;514;21;0.85;0.83;0.94;0.81
BOOKKEEPER;6;80.21;26.96;19.03;Naive Bayes;Best first;oversampling;Sensitive Threshold;21;2;530;104;0.91;0.17;0.58;0.24
BOOKKEEPER;6;80.21;26.96;19.03;Naive Bayes;Best first;oversampling;Sensitive Learning;109;24;508;16;0.82;0.87;0.95;0.81
BOOKKEEPER;6;80.21;26.96;19.03;Naive Bayes;Best first;undersampling;No;108;20;512;17;0.84;0.86;0.94;0.82
BOOKKEEPER;6;80.21;26.96;19.03;Naive Bayes;Best first;undersampling;Sensitive Threshold;4;2;530;121;0.67;0.03;0.51;0.04
BOOKKEEPER;6;80.21;26.96;19.03;Naive Bayes;Best first;undersampling;Sensitive Learning;112;29;503;13;0.79;0.9;0.94;0.8
BOOKKEEPER;6;80.21;26.96;19.03;Naive Bayes;Best first;SMOTE;No;105;24;508;20;0.81;0.84;0.94;0.79
BOOKKEEPER;6;80.21;26.96;19.03;Naive Bayes;Best first;SMOTE;Sensitive Threshold;52;2;530;73;0.96;0.42;0.71;0.53
BOOKKEEPER;6;80.21;26.96;19.03;Naive Bayes;Best first;SMOTE;Sensitive Learning;104;23;509;21;0.82;0.83;0.95;0.78
