Dataset;#TrainingRelease;%training;%Defective in training;%Defective in testing;Classifier;Balancing;Feature Selection;Sensitivity;TP;FP;TN;FN;Precision;Recall;AUC;Kappa
BOOKKEEPER;1;7.29;53.72;38.61;Random Forest;No;No;No;42;38;148;75;0.53;0.36;0.76;0.16
BOOKKEEPER;1;7.29;53.72;38.61;Random Forest;No;No;Sensitive Threshold;0;0;186;117;0;0;0.5;0
BOOKKEEPER;1;7.29;53.72;38.61;Random Forest;No;No;Sensitive Learning;16;4;182;101;0.8;0.14;0.79;0.14
BOOKKEEPER;1;7.29;53.72;38.61;Random Forest;No;oversampling;No;49;37;149;68;0.57;0.42;0.76;0.23
BOOKKEEPER;1;7.29;53.72;38.61;Random Forest;No;oversampling;Sensitive Threshold;0;0;186;117;0;0;0.5;0
BOOKKEEPER;1;7.29;53.72;38.61;Random Forest;No;oversampling;Sensitive Learning;44;28;158;73;0.61;0.38;0.75;0.24
BOOKKEEPER;1;7.29;53.72;38.61;Random Forest;No;undersampling;No;63;46;140;54;0.58;0.54;0.8;0.29
BOOKKEEPER;1;7.29;53.72;38.61;Random Forest;No;undersampling;Sensitive Threshold;0;0;186;117;0;0;0.5;0
BOOKKEEPER;1;7.29;53.72;38.61;Random Forest;No;undersampling;Sensitive Learning;53;36;150;64;0.6;0.45;0.76;0.27
BOOKKEEPER;1;7.29;53.72;38.61;Random Forest;No;SMOTE;No;64;49;137;53;0.57;0.55;0.78;0.29
BOOKKEEPER;1;7.29;53.72;38.61;Random Forest;No;SMOTE;Sensitive Threshold;0;0;186;117;0;0;0.5;0
BOOKKEEPER;1;7.29;53.72;38.61;Random Forest;No;SMOTE;Sensitive Learning;6;2;184;111;0.75;0.05;0.82;0.05
BOOKKEEPER;1;7.29;53.72;38.61;Random Forest;Best first;No;No;73;53;133;44;0.58;0.62;0.76;0.33
BOOKKEEPER;1;7.29;53.72;38.61;Random Forest;Best first;No;Sensitive Threshold;0;0;186;117;0;0;0.5;0
BOOKKEEPER;1;7.29;53.72;38.61;Random Forest;Best first;No;Sensitive Learning;7;12;174;110;0.37;0.06;0.75;-0.01
BOOKKEEPER;1;7.29;53.72;38.61;Random Forest;Best first;oversampling;No;48;37;149;69;0.56;0.41;0.72;0.22
BOOKKEEPER;1;7.29;53.72;38.61;Random Forest;Best first;oversampling;Sensitive Threshold;0;1;185;117;0;0;0.5;-0.01
BOOKKEEPER;1;7.29;53.72;38.61;Random Forest;Best first;oversampling;Sensitive Learning;45;30;156;72;0.6;0.38;0.7;0.24
BOOKKEEPER;1;7.29;53.72;38.61;Random Forest;Best first;undersampling;No;63;49;137;54;0.56;0.54;0.75;0.28
BOOKKEEPER;1;7.29;53.72;38.61;Random Forest;Best first;undersampling;Sensitive Threshold;0;0;186;117;0;0;0.5;0
BOOKKEEPER;1;7.29;53.72;38.61;Random Forest;Best first;undersampling;Sensitive Learning;38;29;157;79;0.57;0.32;0.71;0.18
BOOKKEEPER;1;7.29;53.72;38.61;Random Forest;Best first;SMOTE;No;72;53;133;45;0.58;0.62;0.76;0.33
BOOKKEEPER;1;7.29;53.72;38.61;Random Forest;Best first;SMOTE;Sensitive Threshold;0;1;185;117;0;0;0.5;-0.01
BOOKKEEPER;1;7.29;53.72;38.61;Random Forest;Best first;SMOTE;Sensitive Learning;7;5;181;110;0.58;0.06;0.79;0.04
BOOKKEEPER;1;7.29;53.72;38.61;IBk;No;No;No;91;135;51;26;0.4;0.78;0.53;0.04
BOOKKEEPER;1;7.29;53.72;38.61;IBk;No;No;Sensitive Threshold;91;135;51;26;0.4;0.78;0.53;0.04
BOOKKEEPER;1;7.29;53.72;38.61;IBk;No;No;Sensitive Learning;91;135;51;26;0.4;0.78;0.53;0.04
BOOKKEEPER;1;7.29;53.72;38.61;IBk;No;oversampling;No;30;14;172;87;0.68;0.26;0.62;0.2
BOOKKEEPER;1;7.29;53.72;38.61;IBk;No;oversampling;Sensitive Threshold;30;14;172;87;0.68;0.26;0.59;0.2
BOOKKEEPER;1;7.29;53.72;38.61;IBk;No;oversampling;Sensitive Learning;16;10;176;101;0.62;0.14;0.56;0.1
BOOKKEEPER;1;7.29;53.72;38.61;IBk;No;undersampling;No;91;135;51;26;0.4;0.78;0.53;0.04
BOOKKEEPER;1;7.29;53.72;38.61;IBk;No;undersampling;Sensitive Threshold;91;135;51;26;0.4;0.78;0.53;0.04
BOOKKEEPER;1;7.29;53.72;38.61;IBk;No;undersampling;Sensitive Learning;14;5;181;103;0.74;0.12;0.56;0.11
BOOKKEEPER;1;7.29;53.72;38.61;IBk;No;SMOTE;No;102;142;44;15;0.42;0.87;0.55;0.09
BOOKKEEPER;1;7.29;53.72;38.61;IBk;No;SMOTE;Sensitive Threshold;102;142;44;15;0.42;0.87;0.55;0.09
BOOKKEEPER;1;7.29;53.72;38.61;IBk;No;SMOTE;Sensitive Learning;8;1;185;109;0.89;0.07;0.54;0.08
BOOKKEEPER;1;7.29;53.72;38.61;IBk;Best first;No;No;95;134;52;22;0.41;0.81;0.55;0.08
BOOKKEEPER;1;7.29;53.72;38.61;IBk;Best first;No;Sensitive Threshold;95;134;52;22;0.41;0.81;0.55;0.08
BOOKKEEPER;1;7.29;53.72;38.61;IBk;Best first;No;Sensitive Learning;95;134;52;22;0.41;0.81;0.55;0.08
BOOKKEEPER;1;7.29;53.72;38.61;IBk;Best first;oversampling;No;35;24;162;82;0.59;0.3;0.64;0.19
BOOKKEEPER;1;7.29;53.72;38.61;IBk;Best first;oversampling;Sensitive Threshold;35;24;162;82;0.59;0.3;0.59;0.19
BOOKKEEPER;1;7.29;53.72;38.61;IBk;Best first;oversampling;Sensitive Learning;23;16;170;94;0.59;0.2;0.59;0.13
BOOKKEEPER;1;7.29;53.72;38.61;IBk;Best first;undersampling;No;94;132;54;23;0.42;0.8;0.55;0.08
BOOKKEEPER;1;7.29;53.72;38.61;IBk;Best first;undersampling;Sensitive Threshold;94;132;54;23;0.42;0.8;0.55;0.08
BOOKKEEPER;1;7.29;53.72;38.61;IBk;Best first;undersampling;Sensitive Learning;25;15;171;92;0.62;0.21;0.49;0.15
BOOKKEEPER;1;7.29;53.72;38.61;IBk;Best first;SMOTE;No;92;125;61;25;0.42;0.79;0.56;0.1
BOOKKEEPER;1;7.29;53.72;38.61;IBk;Best first;SMOTE;Sensitive Threshold;92;125;61;25;0.42;0.79;0.56;0.1
BOOKKEEPER;1;7.29;53.72;38.61;IBk;Best first;SMOTE;Sensitive Learning;18;8;178;99;0.69;0.15;0.6;0.13
BOOKKEEPER;1;7.29;53.72;38.61;Naive Bayes;No;No;No;30;11;175;87;0.73;0.26;0.75;0.22
BOOKKEEPER;1;7.29;53.72;38.61;Naive Bayes;No;No;Sensitive Threshold;30;9;177;87;0.77;0.26;0.6;0.24
BOOKKEEPER;1;7.29;53.72;38.61;Naive Bayes;No;No;Sensitive Learning;30;10;176;87;0.75;0.26;0.77;0.23
BOOKKEEPER;1;7.29;53.72;38.61;Naive Bayes;No;oversampling;No;76;113;73;41;0.4;0.65;0.63;0.04
BOOKKEEPER;1;7.29;53.72;38.61;Naive Bayes;No;oversampling;Sensitive Threshold;49;22;164;68;0.69;0.42;0.65;0.32
BOOKKEEPER;1;7.29;53.72;38.61;Naive Bayes;No;oversampling;Sensitive Learning;36;17;169;81;0.68;0.31;0.69;0.24
BOOKKEEPER;1;7.29;53.72;38.61;Naive Bayes;No;undersampling;No;29;11;175;88;0.72;0.25;0.76;0.21
BOOKKEEPER;1;7.29;53.72;38.61;Naive Bayes;No;undersampling;Sensitive Threshold;29;9;177;88;0.76;0.25;0.6;0.23
BOOKKEEPER;1;7.29;53.72;38.61;Naive Bayes;No;undersampling;Sensitive Learning;41;25;161;76;0.62;0.35;0.72;0.24
BOOKKEEPER;1;7.29;53.72;38.61;Naive Bayes;No;SMOTE;No;31;11;175;86;0.74;0.26;0.73;0.23
BOOKKEEPER;1;7.29;53.72;38.61;Naive Bayes;No;SMOTE;Sensitive Threshold;30;11;175;87;0.73;0.26;0.6;0.22
BOOKKEEPER;1;7.29;53.72;38.61;Naive Bayes;No;SMOTE;Sensitive Learning;29;9;177;88;0.76;0.25;0.76;0.23
BOOKKEEPER;1;7.29;53.72;38.61;Naive Bayes;Best first;No;No;28;10;176;89;0.74;0.24;0.7;0.21
BOOKKEEPER;1;7.29;53.72;38.61;Naive Bayes;Best first;No;Sensitive Threshold;25;7;179;92;0.78;0.21;0.59;0.2
BOOKKEEPER;1;7.29;53.72;38.61;Naive Bayes;Best first;No;Sensitive Learning;27;10;176;90;0.73;0.23;0.79;0.2
BOOKKEEPER;1;7.29;53.72;38.61;Naive Bayes;Best first;oversampling;No;71;112;74;46;0.39;0.61;0.59;0
BOOKKEEPER;1;7.29;53.72;38.61;Naive Bayes;Best first;oversampling;Sensitive Threshold;31;14;172;86;0.69;0.26;0.59;0.21
BOOKKEEPER;1;7.29;53.72;38.61;Naive Bayes;Best first;oversampling;Sensitive Learning;28;14;172;89;0.67;0.24;0.62;0.19
BOOKKEEPER;1;7.29;53.72;38.61;Naive Bayes;Best first;undersampling;No;27;8;178;90;0.77;0.23;0.7;0.22
BOOKKEEPER;1;7.29;53.72;38.61;Naive Bayes;Best first;undersampling;Sensitive Threshold;22;7;179;95;0.76;0.19;0.58;0.17
BOOKKEEPER;1;7.29;53.72;38.61;Naive Bayes;Best first;undersampling;Sensitive Learning;35;18;168;82;0.66;0.3;0.61;0.23
BOOKKEEPER;1;7.29;53.72;38.61;Naive Bayes;Best first;SMOTE;No;28;12;174;89;0.7;0.24;0.69;0.2
BOOKKEEPER;1;7.29;53.72;38.61;Naive Bayes;Best first;SMOTE;Sensitive Threshold;27;9;177;90;0.75;0.23;0.59;0.21
BOOKKEEPER;1;7.29;53.72;38.61;Naive Bayes;Best first;SMOTE;Sensitive Learning;26;8;178;91;0.76;0.22;0.75;0.21
BOOKKEEPER;2;16.42;45.32;25.77;Random Forest;No;No;No;95;93;244;22;0.51;0.81;0.83;0.45
BOOKKEEPER;2;16.42;45.32;25.77;Random Forest;No;No;Sensitive Threshold;5;7;330;112;0.42;0.04;0.51;0.03
BOOKKEEPER;2;16.42;45.32;25.77;Random Forest;No;No;Sensitive Learning;29;24;313;88;0.55;0.25;0.83;0.22
BOOKKEEPER;2;16.42;45.32;25.77;Random Forest;No;oversampling;No;90;106;231;27;0.46;0.77;0.79;0.37
BOOKKEEPER;2;16.42;45.32;25.77;Random Forest;No;oversampling;Sensitive Threshold;19;3;334;98;0.86;0.16;0.58;0.21
BOOKKEEPER;2;16.42;45.32;25.77;Random Forest;No;oversampling;Sensitive Learning;83;115;222;34;0.42;0.71;0.74;0.3
BOOKKEEPER;2;16.42;45.32;25.77;Random Forest;No;undersampling;No;97;116;221;20;0.46;0.83;0.81;0.38
BOOKKEEPER;2;16.42;45.32;25.77;Random Forest;No;undersampling;Sensitive Threshold;8;8;329;109;0.5;0.07;0.52;0.06
BOOKKEEPER;2;16.42;45.32;25.77;Random Forest;No;undersampling;Sensitive Learning;85;122;215;32;0.41;0.73;0.76;0.29
BOOKKEEPER;2;16.42;45.32;25.77;Random Forest;No;SMOTE;No;94;83;254;23;0.53;0.8;0.83;0.48
BOOKKEEPER;2;16.42;45.32;25.77;Random Forest;No;SMOTE;Sensitive Threshold;7;14;323;110;0.33;0.06;0.51;0.02
BOOKKEEPER;2;16.42;45.32;25.77;Random Forest;No;SMOTE;Sensitive Learning;60;68;269;57;0.47;0.51;0.77;0.3
BOOKKEEPER;2;16.42;45.32;25.77;Random Forest;Best first;No;No;88;82;255;29;0.52;0.75;0.81;0.44
BOOKKEEPER;2;16.42;45.32;25.77;Random Forest;Best first;No;Sensitive Threshold;8;8;329;109;0.5;0.07;0.52;0.06
BOOKKEEPER;2;16.42;45.32;25.77;Random Forest;Best first;No;Sensitive Learning;31;25;312;86;0.55;0.26;0.82;0.23
BOOKKEEPER;2;16.42;45.32;25.77;Random Forest;Best first;oversampling;No;72;87;250;45;0.45;0.62;0.77;0.32
BOOKKEEPER;2;16.42;45.32;25.77;Random Forest;Best first;oversampling;Sensitive Threshold;31;15;322;86;0.67;0.26;0.61;0.27
BOOKKEEPER;2;16.42;45.32;25.77;Random Forest;Best first;oversampling;Sensitive Learning;79;110;227;38;0.42;0.68;0.74;0.29
BOOKKEEPER;2;16.42;45.32;25.77;Random Forest;Best first;undersampling;No;96;114;223;21;0.46;0.82;0.81;0.38
BOOKKEEPER;2;16.42;45.32;25.77;Random Forest;Best first;undersampling;Sensitive Threshold;11;11;326;106;0.5;0.09;0.53;0.08
BOOKKEEPER;2;16.42;45.32;25.77;Random Forest;Best first;undersampling;Sensitive Learning;77;107;230;40;0.42;0.66;0.76;0.29
BOOKKEEPER;2;16.42;45.32;25.77;Random Forest;Best first;SMOTE;No;87;89;248;30;0.49;0.74;0.81;0.41
BOOKKEEPER;2;16.42;45.32;25.77;Random Forest;Best first;SMOTE;Sensitive Threshold;13;17;320;104;0.43;0.11;0.53;0.08
BOOKKEEPER;2;16.42;45.32;25.77;Random Forest;Best first;SMOTE;Sensitive Learning;60;59;278;57;0.5;0.51;0.77;0.34
BOOKKEEPER;2;16.42;45.32;25.77;IBk;No;No;No;90;115;222;27;0.44;0.77;0.71;0.34
BOOKKEEPER;2;16.42;45.32;25.77;IBk;No;No;Sensitive Threshold;90;115;222;27;0.44;0.77;0.71;0.34
BOOKKEEPER;2;16.42;45.32;25.77;IBk;No;No;Sensitive Learning;90;115;222;27;0.44;0.77;0.71;0.34
BOOKKEEPER;2;16.42;45.32;25.77;IBk;No;oversampling;No;92;144;193;25;0.39;0.79;0.7;0.27
BOOKKEEPER;2;16.42;45.32;25.77;IBk;No;oversampling;Sensitive Threshold;92;143;194;25;0.39;0.79;0.68;0.27
BOOKKEEPER;2;16.42;45.32;25.77;IBk;No;oversampling;Sensitive Learning;85;136;201;32;0.38;0.73;0.68;0.25
BOOKKEEPER;2;16.42;45.32;25.77;IBk;No;undersampling;No;91;137;200;26;0.4;0.78;0.69;0.28
BOOKKEEPER;2;16.42;45.32;25.77;IBk;No;undersampling;Sensitive Threshold;91;137;200;26;0.4;0.78;0.69;0.28
BOOKKEEPER;2;16.42;45.32;25.77;IBk;No;undersampling;Sensitive Learning;78;145;192;39;0.35;0.67;0.63;0.18
BOOKKEEPER;2;16.42;45.32;25.77;IBk;No;SMOTE;No;84;96;241;33;0.47;0.72;0.72;0.37
BOOKKEEPER;2;16.42;45.32;25.77;IBk;No;SMOTE;Sensitive Threshold;84;96;241;33;0.47;0.72;0.72;0.37
BOOKKEEPER;2;16.42;45.32;25.77;IBk;No;SMOTE;Sensitive Learning;79;110;227;38;0.42;0.68;0.64;0.29
BOOKKEEPER;2;16.42;45.32;25.77;IBk;Best first;No;No;84;88;249;33;0.49;0.72;0.73;0.4
BOOKKEEPER;2;16.42;45.32;25.77;IBk;Best first;No;Sensitive Threshold;84;88;249;33;0.49;0.72;0.73;0.4
BOOKKEEPER;2;16.42;45.32;25.77;IBk;Best first;No;Sensitive Learning;84;88;249;33;0.49;0.72;0.73;0.4
BOOKKEEPER;2;16.42;45.32;25.77;IBk;Best first;oversampling;No;84;114;223;33;0.42;0.72;0.71;0.31
BOOKKEEPER;2;16.42;45.32;25.77;IBk;Best first;oversampling;Sensitive Threshold;84;114;223;33;0.42;0.72;0.69;0.31
BOOKKEEPER;2;16.42;45.32;25.77;IBk;Best first;oversampling;Sensitive Learning;78;109;228;39;0.42;0.67;0.67;0.29
BOOKKEEPER;2;16.42;45.32;25.77;IBk;Best first;undersampling;No;86;100;237;31;0.46;0.74;0.72;0.37
BOOKKEEPER;2;16.42;45.32;25.77;IBk;Best first;undersampling;Sensitive Threshold;86;100;237;31;0.46;0.74;0.72;0.37
BOOKKEEPER;2;16.42;45.32;25.77;IBk;Best first;undersampling;Sensitive Learning;78;143;194;39;0.35;0.67;0.63;0.19
BOOKKEEPER;2;16.42;45.32;25.77;IBk;Best first;SMOTE;No;85;94;243;32;0.47;0.73;0.73;0.38
BOOKKEEPER;2;16.42;45.32;25.77;IBk;Best first;SMOTE;Sensitive Threshold;85;94;243;32;0.47;0.73;0.72;0.38
BOOKKEEPER;2;16.42;45.32;25.77;IBk;Best first;SMOTE;Sensitive Learning;70;94;243;47;0.43;0.6;0.65;0.28
BOOKKEEPER;2;16.42;45.32;25.77;Naive Bayes;No;No;No;32;49;288;85;0.4;0.27;0.71;0.14
BOOKKEEPER;2;16.42;45.32;25.77;Naive Bayes;No;No;Sensitive Threshold;31;46;291;86;0.4;0.26;0.56;0.14
BOOKKEEPER;2;16.42;45.32;25.77;Naive Bayes;No;No;Sensitive Learning;31;46;291;86;0.4;0.26;0.71;0.14
BOOKKEEPER;2;16.42;45.32;25.77;Naive Bayes;No;oversampling;No;35;52;285;82;0.4;0.3;0.71;0.16
BOOKKEEPER;2;16.42;45.32;25.77;Naive Bayes;No;oversampling;Sensitive Threshold;34;49;288;83;0.41;0.29;0.57;0.16
BOOKKEEPER;2;16.42;45.32;25.77;Naive Bayes;No;oversampling;Sensitive Learning;45;61;276;72;0.42;0.38;0.69;0.21
BOOKKEEPER;2;16.42;45.32;25.77;Naive Bayes;No;undersampling;No;33;47;290;84;0.41;0.28;0.71;0.16
BOOKKEEPER;2;16.42;45.32;25.77;Naive Bayes;No;undersampling;Sensitive Threshold;30;46;291;87;0.39;0.26;0.56;0.14
BOOKKEEPER;2;16.42;45.32;25.77;Naive Bayes;No;undersampling;Sensitive Learning;47;72;265;70;0.39;0.4;0.69;0.19
BOOKKEEPER;2;16.42;45.32;25.77;Naive Bayes;No;SMOTE;No;35;52;285;82;0.4;0.3;0.71;0.16
BOOKKEEPER;2;16.42;45.32;25.77;Naive Bayes;No;SMOTE;Sensitive Threshold;33;49;288;84;0.4;0.28;0.57;0.15
BOOKKEEPER;2;16.42;45.32;25.77;Naive Bayes;No;SMOTE;Sensitive Learning;35;51;286;82;0.41;0.3;0.7;0.16
BOOKKEEPER;2;16.42;45.32;25.77;Naive Bayes;Best first;No;No;41;55;282;76;0.43;0.35;0.75;0.2
BOOKKEEPER;2;16.42;45.32;25.77;Naive Bayes;Best first;No;Sensitive Threshold;33;47;290;84;0.41;0.28;0.57;0.16
BOOKKEEPER;2;16.42;45.32;25.77;Naive Bayes;Best first;No;Sensitive Learning;37;48;289;80;0.44;0.32;0.74;0.19
BOOKKEEPER;2;16.42;45.32;25.77;Naive Bayes;Best first;oversampling;No;49;65;272;68;0.43;0.42;0.72;0.23
BOOKKEEPER;2;16.42;45.32;25.77;Naive Bayes;Best first;oversampling;Sensitive Threshold;36;49;288;81;0.42;0.31;0.58;0.18
BOOKKEEPER;2;16.42;45.32;25.77;Naive Bayes;Best first;oversampling;Sensitive Learning;54;79;258;63;0.41;0.46;0.72;0.22
BOOKKEEPER;2;16.42;45.32;25.77;Naive Bayes;Best first;undersampling;No;42;57;280;75;0.42;0.36;0.75;0.2
BOOKKEEPER;2;16.42;45.32;25.77;Naive Bayes;Best first;undersampling;Sensitive Threshold;34;46;291;83;0.42;0.29;0.58;0.17
BOOKKEEPER;2;16.42;45.32;25.77;Naive Bayes;Best first;undersampling;Sensitive Learning;56;86;251;61;0.39;0.48;0.71;0.21
BOOKKEEPER;2;16.42;45.32;25.77;Naive Bayes;Best first;SMOTE;No;49;67;270;68;0.42;0.42;0.74;0.22
BOOKKEEPER;2;16.42;45.32;25.77;Naive Bayes;Best first;SMOTE;Sensitive Threshold;43;52;285;74;0.45;0.37;0.61;0.23
BOOKKEEPER;2;16.42;45.32;25.77;Naive Bayes;Best first;SMOTE;Sensitive Learning;49;66;271;68;0.43;0.42;0.73;0.22
BOOKKEEPER;3;30.09;36.44;25.77;Random Forest;No;No;No;117;0;337;0;1;1;1;1
BOOKKEEPER;3;30.09;36.44;25.77;Random Forest;No;No;Sensitive Threshold;20;0;337;97;1;0.17;0.59;0.23
BOOKKEEPER;3;30.09;36.44;25.77;Random Forest;No;No;Sensitive Learning;59;0;337;58;1;0.5;1;0.6
BOOKKEEPER;3;30.09;36.44;25.77;Random Forest;No;oversampling;No;106;53;284;11;0.67;0.91;0.97;0.67
BOOKKEEPER;3;30.09;36.44;25.77;Random Forest;No;oversampling;Sensitive Threshold;67;2;335;50;0.97;0.57;0.78;0.65
BOOKKEEPER;3;30.09;36.44;25.77;Random Forest;No;oversampling;Sensitive Learning;99;48;289;18;0.67;0.85;0.94;0.65
BOOKKEEPER;3;30.09;36.44;25.77;Random Forest;No;undersampling;No;117;51;286;0;0.7;1;0.99;0.74
BOOKKEEPER;3;30.09;36.44;25.77;Random Forest;No;undersampling;Sensitive Threshold;41;0;337;76;1;0.35;0.68;0.44
BOOKKEEPER;3;30.09;36.44;25.77;Random Forest;No;undersampling;Sensitive Learning;94;82;255;23;0.53;0.8;0.88;0.48
BOOKKEEPER;3;30.09;36.44;25.77;Random Forest;No;SMOTE;No;117;0;337;0;1;1;1;1
BOOKKEEPER;3;30.09;36.44;25.77;Random Forest;No;SMOTE;Sensitive Threshold;36;0;337;81;1;0.31;0.65;0.4
BOOKKEEPER;3;30.09;36.44;25.77;Random Forest;No;SMOTE;Sensitive Learning;73;3;334;44;0.96;0.62;0.99;0.69
BOOKKEEPER;3;30.09;36.44;25.77;Random Forest;Best first;No;No;117;0;337;0;1;1;1;1
BOOKKEEPER;3;30.09;36.44;25.77;Random Forest;Best first;No;Sensitive Threshold;51;0;337;66;1;0.44;0.72;0.53
BOOKKEEPER;3;30.09;36.44;25.77;Random Forest;Best first;No;Sensitive Learning;75;0;337;42;1;0.64;1;0.73
BOOKKEEPER;3;30.09;36.44;25.77;Random Forest;Best first;oversampling;No;111;71;266;6;0.61;0.95;0.95;0.62
BOOKKEEPER;3;30.09;36.44;25.77;Random Forest;Best first;oversampling;Sensitive Threshold;85;15;322;32;0.85;0.73;0.84;0.72
BOOKKEEPER;3;30.09;36.44;25.77;Random Forest;Best first;oversampling;Sensitive Learning;104;65;272;13;0.62;0.89;0.91;0.61
BOOKKEEPER;3;30.09;36.44;25.77;Random Forest;Best first;undersampling;No;117;65;272;0;0.64;1;0.98;0.68
BOOKKEEPER;3;30.09;36.44;25.77;Random Forest;Best first;undersampling;Sensitive Threshold;72;6;331;45;0.92;0.62;0.8;0.67
BOOKKEEPER;3;30.09;36.44;25.77;Random Forest;Best first;undersampling;Sensitive Learning;108;127;210;9;0.46;0.92;0.87;0.41
BOOKKEEPER;3;30.09;36.44;25.77;Random Forest;Best first;SMOTE;No;117;0;337;0;1;1;1;1
BOOKKEEPER;3;30.09;36.44;25.77;Random Forest;Best first;SMOTE;Sensitive Threshold;59;0;337;58;1;0.5;0.75;0.6
BOOKKEEPER;3;30.09;36.44;25.77;Random Forest;Best first;SMOTE;Sensitive Learning;78;3;334;39;0.96;0.67;0.97;0.73
BOOKKEEPER;3;30.09;36.44;25.77;IBk;No;No;No;117;0;337;0;1;1;1;1
BOOKKEEPER;3;30.09;36.44;25.77;IBk;No;No;Sensitive Threshold;117;0;337;0;1;1;1;1
BOOKKEEPER;3;30.09;36.44;25.77;IBk;No;No;Sensitive Learning;117;0;337;0;1;1;1;1
BOOKKEEPER;3;30.09;36.44;25.77;IBk;No;oversampling;No;110;34;303;7;0.76;0.94;0.9;0.78
BOOKKEEPER;3;30.09;36.44;25.77;IBk;No;oversampling;Sensitive Threshold;110;34;303;7;0.76;0.94;0.92;0.78
BOOKKEEPER;3;30.09;36.44;25.77;IBk;No;oversampling;Sensitive Learning;87;26;311;30;0.77;0.74;0.83;0.67
BOOKKEEPER;3;30.09;36.44;25.77;IBk;No;undersampling;No;117;39;298;0;0.75;1;0.94;0.8
BOOKKEEPER;3;30.09;36.44;25.77;IBk;No;undersampling;Sensitive Threshold;117;39;298;0;0.75;1;0.94;0.8
BOOKKEEPER;3;30.09;36.44;25.77;IBk;No;undersampling;Sensitive Learning;87;82;255;30;0.51;0.74;0.76;0.44
BOOKKEEPER;3;30.09;36.44;25.77;IBk;No;SMOTE;No;117;0;337;0;1;1;1;1
BOOKKEEPER;3;30.09;36.44;25.77;IBk;No;SMOTE;Sensitive Threshold;117;0;337;0;1;1;1;1
BOOKKEEPER;3;30.09;36.44;25.77;IBk;No;SMOTE;Sensitive Learning;89;5;332;28;0.95;0.76;0.86;0.8
BOOKKEEPER;3;30.09;36.44;25.77;IBk;Best first;No;No;117;0;337;0;1;1;1;1
BOOKKEEPER;3;30.09;36.44;25.77;IBk;Best first;No;Sensitive Threshold;117;0;337;0;1;1;1;1
BOOKKEEPER;3;30.09;36.44;25.77;IBk;Best first;No;Sensitive Learning;117;0;337;0;1;1;1;1
BOOKKEEPER;3;30.09;36.44;25.77;IBk;Best first;oversampling;No;107;49;288;10;0.69;0.91;0.89;0.69
BOOKKEEPER;3;30.09;36.44;25.77;IBk;Best first;oversampling;Sensitive Threshold;107;49;288;10;0.69;0.91;0.88;0.69
BOOKKEEPER;3;30.09;36.44;25.77;IBk;Best first;oversampling;Sensitive Learning;92;28;309;25;0.77;0.79;0.85;0.7
BOOKKEEPER;3;30.09;36.44;25.77;IBk;Best first;undersampling;No;117;54;283;0;0.68;1;0.93;0.73
BOOKKEEPER;3;30.09;36.44;25.77;IBk;Best first;undersampling;Sensitive Threshold;117;54;283;0;0.68;1;0.92;0.73
BOOKKEEPER;3;30.09;36.44;25.77;IBk;Best first;undersampling;Sensitive Learning;90;99;238;27;0.48;0.77;0.76;0.4
BOOKKEEPER;3;30.09;36.44;25.77;IBk;Best first;SMOTE;No;117;0;337;0;1;1;1;1
BOOKKEEPER;3;30.09;36.44;25.77;IBk;Best first;SMOTE;Sensitive Threshold;117;0;337;0;1;1;1;1
BOOKKEEPER;3;30.09;36.44;25.77;IBk;Best first;SMOTE;Sensitive Learning;92;6;331;25;0.94;0.79;0.88;0.81
BOOKKEEPER;3;30.09;36.44;25.77;Naive Bayes;No;No;No;18;20;317;99;0.47;0.15;0.82;0.12
BOOKKEEPER;3;30.09;36.44;25.77;Naive Bayes;No;No;Sensitive Threshold;13;15;322;104;0.46;0.11;0.53;0.09
BOOKKEEPER;3;30.09;36.44;25.77;Naive Bayes;No;No;Sensitive Learning;13;15;322;104;0.46;0.11;0.82;0.09
BOOKKEEPER;3;30.09;36.44;25.77;Naive Bayes;No;oversampling;No;20;21;316;97;0.49;0.17;0.83;0.14
BOOKKEEPER;3;30.09;36.44;25.77;Naive Bayes;No;oversampling;Sensitive Threshold;16;13;324;101;0.55;0.14;0.55;0.13
BOOKKEEPER;3;30.09;36.44;25.77;Naive Bayes;No;oversampling;Sensitive Learning;13;16;321;104;0.45;0.11;0.81;0.08
BOOKKEEPER;3;30.09;36.44;25.77;Naive Bayes;No;undersampling;No;19;21;316;98;0.47;0.16;0.8;0.13
BOOKKEEPER;3;30.09;36.44;25.77;Naive Bayes;No;undersampling;Sensitive Threshold;14;13;324;103;0.52;0.12;0.54;0.11
BOOKKEEPER;3;30.09;36.44;25.77;Naive Bayes;No;undersampling;Sensitive Learning;19;22;315;98;0.46;0.16;0.75;0.12
BOOKKEEPER;3;30.09;36.44;25.77;Naive Bayes;No;SMOTE;No;20;22;315;97;0.48;0.17;0.82;0.13
BOOKKEEPER;3;30.09;36.44;25.77;Naive Bayes;No;SMOTE;Sensitive Threshold;14;17;320;103;0.45;0.12;0.53;0.09
BOOKKEEPER;3;30.09;36.44;25.77;Naive Bayes;No;SMOTE;Sensitive Learning;13;16;321;104;0.45;0.11;0.82;0.08
BOOKKEEPER;3;30.09;36.44;25.77;Naive Bayes;Best first;No;No;15;6;331;102;0.71;0.13;0.96;0.15
BOOKKEEPER;3;30.09;36.44;25.77;Naive Bayes;Best first;No;Sensitive Threshold;1;1;336;116;0.5;0.01;0.5;0.01
BOOKKEEPER;3;30.09;36.44;25.77;Naive Bayes;Best first;No;Sensitive Learning;4;1;336;113;0.8;0.03;0.96;0.05
BOOKKEEPER;3;30.09;36.44;25.77;Naive Bayes;Best first;oversampling;No;88;28;309;29;0.76;0.75;0.93;0.67
BOOKKEEPER;3;30.09;36.44;25.77;Naive Bayes;Best first;oversampling;Sensitive Threshold;2;0;337;115;1;0.02;0.51;0.03
BOOKKEEPER;3;30.09;36.44;25.77;Naive Bayes;Best first;oversampling;Sensitive Learning;63;13;324;54;0.83;0.54;0.88;0.56
BOOKKEEPER;3;30.09;36.44;25.77;Naive Bayes;Best first;undersampling;No;85;15;322;32;0.85;0.73;0.96;0.72
BOOKKEEPER;3;30.09;36.44;25.77;Naive Bayes;Best first;undersampling;Sensitive Threshold;0;1;336;117;0;0;0.5;-0
BOOKKEEPER;3;30.09;36.44;25.77;Naive Bayes;Best first;undersampling;Sensitive Learning;64;24;313;53;0.73;0.55;0.84;0.52
BOOKKEEPER;3;30.09;36.44;25.77;Naive Bayes;Best first;SMOTE;No;37;11;326;80;0.77;0.32;0.95;0.35
BOOKKEEPER;3;30.09;36.44;25.77;Naive Bayes;Best first;SMOTE;Sensitive Threshold;4;1;336;113;0.8;0.03;0.52;0.05
BOOKKEEPER;3;30.09;36.44;25.77;Naive Bayes;Best first;SMOTE;Sensitive Learning;36;7;330;81;0.84;0.31;0.92;0.36
BOOKKEEPER;4;43.77;33.1;22.5;Random Forest;No;No;No;101;7;451;32;0.94;0.76;0.91;0.8
BOOKKEEPER;4;43.77;33.1;22.5;Random Forest;No;No;Sensitive Threshold;14;0;458;119;1;0.11;0.55;0.15
BOOKKEEPER;4;43.77;33.1;22.5;Random Forest;No;No;Sensitive Learning;50;1;457;83;0.98;0.38;0.91;0.48
BOOKKEEPER;4;43.77;33.1;22.5;Random Forest;No;oversampling;No;106;101;357;27;0.51;0.8;0.88;0.48
BOOKKEEPER;4;43.77;33.1;22.5;Random Forest;No;oversampling;Sensitive Threshold;18;0;458;115;1;0.14;0.57;0.2
BOOKKEEPER;4;43.77;33.1;22.5;Random Forest;No;oversampling;Sensitive Learning;99;97;361;34;0.51;0.74;0.89;0.46
BOOKKEEPER;4;43.77;33.1;22.5;Random Forest;No;undersampling;No;111;112;346;22;0.5;0.83;0.9;0.48
BOOKKEEPER;4;43.77;33.1;22.5;Random Forest;No;undersampling;Sensitive Threshold;18;0;458;115;1;0.14;0.57;0.2
BOOKKEEPER;4;43.77;33.1;22.5;Random Forest;No;undersampling;Sensitive Learning;75;116;342;58;0.39;0.56;0.78;0.27
BOOKKEEPER;4;43.77;33.1;22.5;Random Forest;No;SMOTE;No;111;113;345;22;0.5;0.83;0.91;0.47
BOOKKEEPER;4;43.77;33.1;22.5;Random Forest;No;SMOTE;Sensitive Threshold;20;1;457;113;0.95;0.15;0.57;0.21
BOOKKEEPER;4;43.77;33.1;22.5;Random Forest;No;SMOTE;Sensitive Learning;80;4;454;53;0.95;0.6;0.88;0.68
BOOKKEEPER;4;43.77;33.1;22.5;Random Forest;Best first;No;No;99;12;446;34;0.89;0.74;0.9;0.76
BOOKKEEPER;4;43.77;33.1;22.5;Random Forest;Best first;No;Sensitive Threshold;77;1;457;56;0.99;0.58;0.79;0.68
BOOKKEEPER;4;43.77;33.1;22.5;Random Forest;Best first;No;Sensitive Learning;89;3;455;44;0.97;0.67;0.91;0.74
BOOKKEEPER;4;43.77;33.1;22.5;Random Forest;Best first;oversampling;No;109;148;310;24;0.42;0.82;0.87;0.37
BOOKKEEPER;4;43.77;33.1;22.5;Random Forest;Best first;oversampling;Sensitive Threshold;86;12;446;47;0.88;0.65;0.81;0.68
BOOKKEEPER;4;43.77;33.1;22.5;Random Forest;Best first;oversampling;Sensitive Learning;111;112;346;22;0.5;0.83;0.87;0.48
BOOKKEEPER;4;43.77;33.1;22.5;Random Forest;Best first;undersampling;No;113;145;313;20;0.44;0.85;0.89;0.4
BOOKKEEPER;4;43.77;33.1;22.5;Random Forest;Best first;undersampling;Sensitive Threshold;96;7;451;37;0.93;0.72;0.85;0.77
BOOKKEEPER;4;43.77;33.1;22.5;Random Forest;Best first;undersampling;Sensitive Learning;107;185;273;26;0.37;0.8;0.79;0.28
BOOKKEEPER;4;43.77;33.1;22.5;Random Forest;Best first;SMOTE;No;112;165;293;21;0.4;0.84;0.89;0.35
BOOKKEEPER;4;43.77;33.1;22.5;Random Forest;Best first;SMOTE;Sensitive Threshold;92;1;457;41;0.99;0.69;0.84;0.77
BOOKKEEPER;4;43.77;33.1;22.5;Random Forest;Best first;SMOTE;Sensitive Learning;85;6;452;48;0.93;0.64;0.85;0.7
BOOKKEEPER;4;43.77;33.1;22.5;IBk;No;No;No;104;15;443;29;0.87;0.78;0.87;0.78
BOOKKEEPER;4;43.77;33.1;22.5;IBk;No;No;Sensitive Threshold;104;15;443;29;0.87;0.78;0.87;0.78
BOOKKEEPER;4;43.77;33.1;22.5;IBk;No;No;Sensitive Learning;104;15;443;29;0.87;0.78;0.87;0.78
BOOKKEEPER;4;43.77;33.1;22.5;IBk;No;oversampling;No;103;28;430;30;0.79;0.77;0.82;0.72
BOOKKEEPER;4;43.77;33.1;22.5;IBk;No;oversampling;Sensitive Threshold;102;28;430;31;0.78;0.77;0.85;0.71
BOOKKEEPER;4;43.77;33.1;22.5;IBk;No;oversampling;Sensitive Learning;105;113;345;28;0.48;0.79;0.79;0.44
BOOKKEEPER;4;43.77;33.1;22.5;IBk;No;undersampling;No;107;41;417;26;0.72;0.8;0.87;0.69
BOOKKEEPER;4;43.77;33.1;22.5;IBk;No;undersampling;Sensitive Threshold;107;40;418;26;0.73;0.8;0.86;0.69
BOOKKEEPER;4;43.77;33.1;22.5;IBk;No;undersampling;Sensitive Learning;91;229;229;42;0.28;0.68;0.59;0.12
BOOKKEEPER;4;43.77;33.1;22.5;IBk;No;SMOTE;No;105;153;305;28;0.41;0.79;0.73;0.34
BOOKKEEPER;4;43.77;33.1;22.5;IBk;No;SMOTE;Sensitive Threshold;105;153;305;28;0.41;0.79;0.73;0.34
BOOKKEEPER;4;43.77;33.1;22.5;IBk;No;SMOTE;Sensitive Learning;95;12;446;38;0.89;0.71;0.86;0.74
BOOKKEEPER;4;43.77;33.1;22.5;IBk;Best first;No;No;100;129;329;33;0.44;0.75;0.75;0.37
BOOKKEEPER;4;43.77;33.1;22.5;IBk;Best first;No;Sensitive Threshold;100;129;329;33;0.44;0.75;0.74;0.37
BOOKKEEPER;4;43.77;33.1;22.5;IBk;Best first;No;Sensitive Learning;100;129;329;33;0.44;0.75;0.75;0.37
BOOKKEEPER;4;43.77;33.1;22.5;IBk;Best first;oversampling;No;110;138;320;23;0.44;0.83;0.8;0.4
BOOKKEEPER;4;43.77;33.1;22.5;IBk;Best first;oversampling;Sensitive Threshold;107;136;322;26;0.44;0.8;0.75;0.39
BOOKKEEPER;4;43.77;33.1;22.5;IBk;Best first;oversampling;Sensitive Learning;104;112;346;29;0.48;0.78;0.8;0.44
BOOKKEEPER;4;43.77;33.1;22.5;IBk;Best first;undersampling;No;110;146;312;23;0.43;0.83;0.75;0.38
BOOKKEEPER;4;43.77;33.1;22.5;IBk;Best first;undersampling;Sensitive Threshold;110;143;315;23;0.43;0.83;0.76;0.39
BOOKKEEPER;4;43.77;33.1;22.5;IBk;Best first;undersampling;Sensitive Learning;92;215;243;41;0.3;0.69;0.66;0.15
BOOKKEEPER;4;43.77;33.1;22.5;IBk;Best first;SMOTE;No;102;158;300;31;0.39;0.77;0.71;0.32
BOOKKEEPER;4;43.77;33.1;22.5;IBk;Best first;SMOTE;Sensitive Threshold;102;158;300;31;0.39;0.77;0.71;0.32
BOOKKEEPER;4;43.77;33.1;22.5;IBk;Best first;SMOTE;Sensitive Learning;89;97;361;44;0.48;0.67;0.76;0.4
BOOKKEEPER;4;43.77;33.1;22.5;Naive Bayes;No;No;No;1;41;417;132;0.02;0.01;0.65;-0.11
BOOKKEEPER;4;43.77;33.1;22.5;Naive Bayes;No;No;Sensitive Threshold;1;33;425;132;0.03;0.01;0.47;-0.09
BOOKKEEPER;4;43.77;33.1;22.5;Naive Bayes;No;No;Sensitive Learning;1;41;417;132;0.02;0.01;0.65;-0.11
BOOKKEEPER;4;43.77;33.1;22.5;Naive Bayes;No;oversampling;No;1;43;415;132;0.02;0.01;0.63;-0.11
BOOKKEEPER;4;43.77;33.1;22.5;Naive Bayes;No;oversampling;Sensitive Threshold;1;38;420;132;0.03;0.01;0.46;-0.1
BOOKKEEPER;4;43.77;33.1;22.5;Naive Bayes;No;oversampling;Sensitive Learning;12;49;409;121;0.2;0.09;0.66;-0.02
BOOKKEEPER;4;43.77;33.1;22.5;Naive Bayes;No;undersampling;No;1;43;415;132;0.02;0.01;0.64;-0.11
BOOKKEEPER;4;43.77;33.1;22.5;Naive Bayes;No;undersampling;Sensitive Threshold;1;36;422;132;0.03;0.01;0.46;-0.1
BOOKKEEPER;4;43.77;33.1;22.5;Naive Bayes;No;undersampling;Sensitive Learning;8;52;406;125;0.13;0.06;0.58;-0.07
BOOKKEEPER;4;43.77;33.1;22.5;Naive Bayes;No;SMOTE;No;6;61;397;127;0.09;0.05;0.68;-0.11
BOOKKEEPER;4;43.77;33.1;22.5;Naive Bayes;No;SMOTE;Sensitive Threshold;1;41;417;132;0.02;0.01;0.46;-0.11
BOOKKEEPER;4;43.77;33.1;22.5;Naive Bayes;No;SMOTE;Sensitive Learning;1;46;412;132;0.02;0.01;0.64;-0.12
BOOKKEEPER;4;43.77;33.1;22.5;Naive Bayes;Best first;No;No;58;6;452;75;0.91;0.44;0.88;0.52
BOOKKEEPER;4;43.77;33.1;22.5;Naive Bayes;Best first;No;Sensitive Threshold;1;1;457;132;0.5;0.01;0.5;0.01
BOOKKEEPER;4;43.77;33.1;22.5;Naive Bayes;Best first;No;Sensitive Learning;2;2;456;131;0.5;0.02;0.85;0.02
BOOKKEEPER;4;43.77;33.1;22.5;Naive Bayes;Best first;oversampling;No;83;27;431;50;0.75;0.62;0.85;0.6
BOOKKEEPER;4;43.77;33.1;22.5;Naive Bayes;Best first;oversampling;Sensitive Threshold;6;5;453;127;0.55;0.05;0.52;0.05
BOOKKEEPER;4;43.77;33.1;22.5;Naive Bayes;Best first;oversampling;Sensitive Learning;79;44;414;54;0.64;0.59;0.84;0.51
BOOKKEEPER;4;43.77;33.1;22.5;Naive Bayes;Best first;undersampling;No;97;21;437;36;0.82;0.73;0.87;0.71
BOOKKEEPER;4;43.77;33.1;22.5;Naive Bayes;Best first;undersampling;Sensitive Threshold;1;1;457;132;0.5;0.01;0.5;0.01
BOOKKEEPER;4;43.77;33.1;22.5;Naive Bayes;Best first;undersampling;Sensitive Learning;31;40;418;102;0.44;0.23;0.72;0.17
BOOKKEEPER;4;43.77;33.1;22.5;Naive Bayes;Best first;SMOTE;No;101;101;357;32;0.5;0.76;0.89;0.46
BOOKKEEPER;4;43.77;33.1;22.5;Naive Bayes;Best first;SMOTE;Sensitive Threshold;39;0;458;94;1;0.29;0.65;0.39
BOOKKEEPER;4;43.77;33.1;22.5;Naive Bayes;Best first;SMOTE;Sensitive Learning;54;4;454;79;0.93;0.41;0.82;0.5
BOOKKEEPER;5;61.57;30.04;16.8;Random Forest;No;No;No;98;29;486;6;0.77;0.94;0.98;0.81
BOOKKEEPER;5;61.57;30.04;16.8;Random Forest;No;No;Sensitive Threshold;51;4;511;53;0.93;0.49;0.74;0.59
BOOKKEEPER;5;61.57;30.04;16.8;Random Forest;No;No;Sensitive Learning;77;11;504;27;0.88;0.74;0.98;0.77
BOOKKEEPER;5;61.57;30.04;16.8;Random Forest;No;oversampling;No;99;87;428;5;0.53;0.95;0.98;0.6
BOOKKEEPER;5;61.57;30.04;16.8;Random Forest;No;oversampling;Sensitive Threshold;74;10;505;30;0.88;0.71;0.85;0.75
BOOKKEEPER;5;61.57;30.04;16.8;Random Forest;No;oversampling;Sensitive Learning;96;77;438;8;0.55;0.92;0.96;0.61
BOOKKEEPER;5;61.57;30.04;16.8;Random Forest;No;undersampling;No;101;98;417;3;0.51;0.97;0.98;0.57
BOOKKEEPER;5;61.57;30.04;16.8;Random Forest;No;undersampling;Sensitive Threshold;66;8;507;38;0.89;0.63;0.81;0.7
BOOKKEEPER;5;61.57;30.04;16.8;Random Forest;No;undersampling;Sensitive Learning;95;184;331;9;0.34;0.91;0.92;0.33
BOOKKEEPER;5;61.57;30.04;16.8;Random Forest;No;SMOTE;No;100;49;466;4;0.67;0.96;0.98;0.74
BOOKKEEPER;5;61.57;30.04;16.8;Random Forest;No;SMOTE;Sensitive Threshold;64;11;504;40;0.85;0.62;0.8;0.67
BOOKKEEPER;5;61.57;30.04;16.8;Random Forest;No;SMOTE;Sensitive Learning;81;19;496;23;0.81;0.78;0.96;0.75
BOOKKEEPER;5;61.57;30.04;16.8;Random Forest;Best first;No;No;96;27;488;8;0.78;0.92;0.98;0.81
BOOKKEEPER;5;61.57;30.04;16.8;Random Forest;Best first;No;Sensitive Threshold;79;13;502;25;0.86;0.76;0.87;0.77
BOOKKEEPER;5;61.57;30.04;16.8;Random Forest;Best first;No;Sensitive Learning;81;15;500;23;0.84;0.78;0.98;0.77
BOOKKEEPER;5;61.57;30.04;16.8;Random Forest;Best first;oversampling;No;102;91;424;2;0.53;0.98;0.96;0.6
BOOKKEEPER;5;61.57;30.04;16.8;Random Forest;Best first;oversampling;Sensitive Threshold;88;26;489;16;0.77;0.85;0.9;0.77
BOOKKEEPER;5;61.57;30.04;16.8;Random Forest;Best first;oversampling;Sensitive Learning;96;84;431;8;0.53;0.92;0.95;0.59
BOOKKEEPER;5;61.57;30.04;16.8;Random Forest;Best first;undersampling;No;102;123;392;2;0.45;0.98;0.97;0.51
BOOKKEEPER;5;61.57;30.04;16.8;Random Forest;Best first;undersampling;Sensitive Threshold;82;20;495;22;0.8;0.79;0.87;0.76
BOOKKEEPER;5;61.57;30.04;16.8;Random Forest;Best first;undersampling;Sensitive Learning;98;209;306;6;0.32;0.94;0.91;0.3
BOOKKEEPER;5;61.57;30.04;16.8;Random Forest;Best first;SMOTE;No;102;53;462;2;0.66;0.98;0.98;0.73
BOOKKEEPER;5;61.57;30.04;16.8;Random Forest;Best first;SMOTE;Sensitive Threshold;81;14;501;23;0.85;0.78;0.88;0.78
BOOKKEEPER;5;61.57;30.04;16.8;Random Forest;Best first;SMOTE;Sensitive Learning;86;18;497;18;0.83;0.83;0.96;0.79
BOOKKEEPER;5;61.57;30.04;16.8;IBk;No;No;No;100;72;443;4;0.58;0.96;0.91;0.65
BOOKKEEPER;5;61.57;30.04;16.8;IBk;No;No;Sensitive Threshold;100;70;445;4;0.59;0.96;0.91;0.66
BOOKKEEPER;5;61.57;30.04;16.8;IBk;No;No;Sensitive Learning;100;70;445;4;0.59;0.96;0.91;0.66
BOOKKEEPER;5;61.57;30.04;16.8;IBk;No;oversampling;No;99;130;385;5;0.43;0.95;0.85;0.47
BOOKKEEPER;5;61.57;30.04;16.8;IBk;No;oversampling;Sensitive Threshold;99;115;400;5;0.46;0.95;0.86;0.51
BOOKKEEPER;5;61.57;30.04;16.8;IBk;No;oversampling;Sensitive Learning;96;94;421;8;0.51;0.92;0.85;0.56
BOOKKEEPER;5;61.57;30.04;16.8;IBk;No;undersampling;No;102;134;381;2;0.43;0.98;0.86;0.48
BOOKKEEPER;5;61.57;30.04;16.8;IBk;No;undersampling;Sensitive Threshold;102;126;389;2;0.45;0.98;0.87;0.5
BOOKKEEPER;5;61.57;30.04;16.8;IBk;No;undersampling;Sensitive Learning;92;160;355;12;0.37;0.88;0.78;0.37
BOOKKEEPER;5;61.57;30.04;16.8;IBk;No;SMOTE;No;100;84;431;4;0.54;0.96;0.9;0.61
BOOKKEEPER;5;61.57;30.04;16.8;IBk;No;SMOTE;Sensitive Threshold;100;83;432;4;0.55;0.96;0.9;0.61
BOOKKEEPER;5;61.57;30.04;16.8;IBk;No;SMOTE;Sensitive Learning;86;44;471;18;0.66;0.83;0.85;0.67
BOOKKEEPER;5;61.57;30.04;16.8;IBk;Best first;No;No;98;37;478;6;0.73;0.94;0.94;0.78
BOOKKEEPER;5;61.57;30.04;16.8;IBk;Best first;No;Sensitive Threshold;98;37;478;6;0.73;0.94;0.94;0.78
BOOKKEEPER;5;61.57;30.04;16.8;IBk;Best first;No;Sensitive Learning;98;37;478;6;0.73;0.94;0.94;0.78
BOOKKEEPER;5;61.57;30.04;16.8;IBk;Best first;oversampling;No;98;82;433;6;0.54;0.94;0.91;0.61
BOOKKEEPER;5;61.57;30.04;16.8;IBk;Best first;oversampling;Sensitive Threshold;98;73;442;6;0.57;0.94;0.9;0.64
BOOKKEEPER;5;61.57;30.04;16.8;IBk;Best first;oversampling;Sensitive Learning;95;68;447;9;0.58;0.91;0.9;0.64
BOOKKEEPER;5;61.57;30.04;16.8;IBk;Best first;undersampling;No;100;96;419;4;0.51;0.96;0.9;0.57
BOOKKEEPER;5;61.57;30.04;16.8;IBk;Best first;undersampling;Sensitive Threshold;100;88;427;4;0.53;0.96;0.9;0.6
BOOKKEEPER;5;61.57;30.04;16.8;IBk;Best first;undersampling;Sensitive Learning;90;135;380;14;0.4;0.87;0.82;0.41
BOOKKEEPER;5;61.57;30.04;16.8;IBk;Best first;SMOTE;No;98;42;473;6;0.7;0.94;0.93;0.76
BOOKKEEPER;5;61.57;30.04;16.8;IBk;Best first;SMOTE;Sensitive Threshold;98;42;473;6;0.7;0.94;0.93;0.76
BOOKKEEPER;5;61.57;30.04;16.8;IBk;Best first;SMOTE;Sensitive Learning;87;39;476;17;0.69;0.84;0.88;0.7
BOOKKEEPER;5;61.57;30.04;16.8;Naive Bayes;No;No;No;7;7;508;97;0.5;0.07;0.95;0.08
BOOKKEEPER;5;61.57;30.04;16.8;Naive Bayes;No;No;Sensitive Threshold;4;6;509;100;0.4;0.04;0.51;0.04
BOOKKEEPER;5;61.57;30.04;16.8;Naive Bayes;No;No;Sensitive Learning;4;6;509;100;0.4;0.04;0.95;0.04
BOOKKEEPER;5;61.57;30.04;16.8;Naive Bayes;No;oversampling;No;8;8;507;96;0.5;0.08;0.94;0.09
BOOKKEEPER;5;61.57;30.04;16.8;Naive Bayes;No;oversampling;Sensitive Threshold;4;7;508;100;0.36;0.04;0.51;0.04
BOOKKEEPER;5;61.57;30.04;16.8;Naive Bayes;No;oversampling;Sensitive Learning;12;14;501;92;0.46;0.12;0.93;0.13
BOOKKEEPER;5;61.57;30.04;16.8;Naive Bayes;No;undersampling;No;8;9;506;96;0.47;0.08;0.93;0.09
BOOKKEEPER;5;61.57;30.04;16.8;Naive Bayes;No;undersampling;Sensitive Threshold;4;6;509;100;0.4;0.04;0.51;0.04
BOOKKEEPER;5;61.57;30.04;16.8;Naive Bayes;No;undersampling;Sensitive Learning;63;39;476;41;0.62;0.61;0.89;0.53
BOOKKEEPER;5;61.57;30.04;16.8;Naive Bayes;No;SMOTE;No;47;18;497;57;0.72;0.45;0.95;0.49
BOOKKEEPER;5;61.57;30.04;16.8;Naive Bayes;No;SMOTE;Sensitive Threshold;10;11;504;94;0.48;0.1;0.54;0.11
BOOKKEEPER;5;61.57;30.04;16.8;Naive Bayes;No;SMOTE;Sensitive Learning;71;26;489;33;0.73;0.68;0.94;0.65
BOOKKEEPER;5;61.57;30.04;16.8;Naive Bayes;Best first;No;No;75;14;501;29;0.84;0.72;0.97;0.74
BOOKKEEPER;5;61.57;30.04;16.8;Naive Bayes;Best first;No;Sensitive Threshold;2;1;514;102;0.67;0.02;0.51;0.03
BOOKKEEPER;5;61.57;30.04;16.8;Naive Bayes;Best first;No;Sensitive Learning;2;1;514;102;0.67;0.02;0.96;0.03
BOOKKEEPER;5;61.57;30.04;16.8;Naive Bayes;Best first;oversampling;No;82;32;483;22;0.72;0.79;0.95;0.7
BOOKKEEPER;5;61.57;30.04;16.8;Naive Bayes;Best first;oversampling;Sensitive Threshold;11;5;510;93;0.69;0.11;0.55;0.15
BOOKKEEPER;5;61.57;30.04;16.8;Naive Bayes;Best first;oversampling;Sensitive Learning;83;33;482;21;0.72;0.8;0.94;0.7
BOOKKEEPER;5;61.57;30.04;16.8;Naive Bayes;Best first;undersampling;No;75;22;493;29;0.77;0.72;0.96;0.7
BOOKKEEPER;5;61.57;30.04;16.8;Naive Bayes;Best first;undersampling;Sensitive Threshold;4;1;514;100;0.8;0.04;0.52;0.06
BOOKKEEPER;5;61.57;30.04;16.8;Naive Bayes;Best first;undersampling;Sensitive Learning;57;28;487;47;0.67;0.55;0.9;0.53
BOOKKEEPER;5;61.57;30.04;16.8;Naive Bayes;Best first;SMOTE;No;97;42;473;7;0.7;0.93;0.97;0.75
BOOKKEEPER;5;61.57;30.04;16.8;Naive Bayes;Best first;SMOTE;Sensitive Threshold;44;7;508;60;0.86;0.42;0.7;0.51
BOOKKEEPER;5;61.57;30.04;16.8;Naive Bayes;Best first;SMOTE;Sensitive Learning;68;21;494;36;0.76;0.65;0.95;0.65
BOOKKEEPER;6;80.21;26.96;19.03;Random Forest;No;No;No;101;12;520;24;0.89;0.81;0.97;0.82
BOOKKEEPER;6;80.21;26.96;19.03;Random Forest;No;No;Sensitive Threshold;26;0;532;99;1;0.21;0.6;0.3
BOOKKEEPER;6;80.21;26.96;19.03;Random Forest;No;No;Sensitive Learning;72;1;531;53;0.99;0.58;0.98;0.68
BOOKKEEPER;6;80.21;26.96;19.03;Random Forest;No;oversampling;No;108;22;510;17;0.83;0.86;0.95;0.81
BOOKKEEPER;6;80.21;26.96;19.03;Random Forest;No;oversampling;Sensitive Threshold;54;3;529;71;0.95;0.43;0.71;0.54
BOOKKEEPER;6;80.21;26.96;19.03;Random Forest;No;oversampling;Sensitive Learning;105;24;508;20;0.81;0.84;0.94;0.79
BOOKKEEPER;6;80.21;26.96;19.03;Random Forest;No;undersampling;No;112;33;499;13;0.77;0.9;0.95;0.79
BOOKKEEPER;6;80.21;26.96;19.03;Random Forest;No;undersampling;Sensitive Threshold;42;1;531;83;0.98;0.34;0.67;0.45
BOOKKEEPER;6;80.21;26.96;19.03;Random Forest;No;undersampling;Sensitive Learning;109;50;482;16;0.69;0.87;0.92;0.7
BOOKKEEPER;6;80.21;26.96;19.03;Random Forest;No;SMOTE;No;103;15;517;22;0.87;0.82;0.97;0.81
BOOKKEEPER;6;80.21;26.96;19.03;Random Forest;No;SMOTE;Sensitive Threshold;26;0;532;99;1;0.21;0.6;0.3
BOOKKEEPER;6;80.21;26.96;19.03;Random Forest;No;SMOTE;Sensitive Learning;76;2;530;49;0.97;0.61;0.95;0.71
BOOKKEEPER;6;80.21;26.96;19.03;Random Forest;Best first;No;No;105;15;517;20;0.88;0.84;0.95;0.82
BOOKKEEPER;6;80.21;26.96;19.03;Random Forest;Best first;No;Sensitive Threshold;82;3;529;43;0.96;0.66;0.83;0.74
BOOKKEEPER;6;80.21;26.96;19.03;Random Forest;Best first;No;Sensitive Learning;85;4;528;40;0.96;0.68;0.95;0.76
BOOKKEEPER;6;80.21;26.96;19.03;Random Forest;Best first;oversampling;No;108;64;468;17;0.63;0.86;0.93;0.65
BOOKKEEPER;6;80.21;26.96;19.03;Random Forest;Best first;oversampling;Sensitive Threshold;101;12;520;24;0.89;0.81;0.89;0.82
BOOKKEEPER;6;80.21;26.96;19.03;Random Forest;Best first;oversampling;Sensitive Learning;107;66;466;18;0.62;0.86;0.92;0.64
BOOKKEEPER;6;80.21;26.96;19.03;Random Forest;Best first;undersampling;No;111;36;496;14;0.76;0.89;0.93;0.77
BOOKKEEPER;6;80.21;26.96;19.03;Random Forest;Best first;undersampling;Sensitive Threshold;96;11;521;29;0.9;0.77;0.87;0.79
BOOKKEEPER;6;80.21;26.96;19.03;Random Forest;Best first;undersampling;Sensitive Learning;112;156;376;13;0.42;0.9;0.91;0.42
BOOKKEEPER;6;80.21;26.96;19.03;Random Forest;Best first;SMOTE;No;108;52;480;17;0.68;0.86;0.94;0.69
BOOKKEEPER;6;80.21;26.96;19.03;Random Forest;Best first;SMOTE;Sensitive Threshold;91;3;529;34;0.97;0.73;0.86;0.8
BOOKKEEPER;6;80.21;26.96;19.03;Random Forest;Best first;SMOTE;Sensitive Learning;90;7;525;35;0.93;0.72;0.92;0.77
BOOKKEEPER;6;80.21;26.96;19.03;IBk;No;No;No;105;15;517;20;0.88;0.84;0.91;0.82
BOOKKEEPER;6;80.21;26.96;19.03;IBk;No;No;Sensitive Threshold;105;15;517;20;0.88;0.84;0.91;0.82
BOOKKEEPER;6;80.21;26.96;19.03;IBk;No;No;Sensitive Learning;105;15;517;20;0.88;0.84;0.91;0.82
BOOKKEEPER;6;80.21;26.96;19.03;IBk;No;oversampling;No;108;44;488;17;0.71;0.86;0.89;0.72
BOOKKEEPER;6;80.21;26.96;19.03;IBk;No;oversampling;Sensitive Threshold;108;31;501;17;0.78;0.86;0.9;0.77
BOOKKEEPER;6;80.21;26.96;19.03;IBk;No;oversampling;Sensitive Learning;99;31;501;26;0.76;0.79;0.85;0.72
BOOKKEEPER;6;80.21;26.96;19.03;IBk;No;undersampling;No;110;64;468;15;0.63;0.88;0.87;0.66
BOOKKEEPER;6;80.21;26.96;19.03;IBk;No;undersampling;Sensitive Threshold;110;64;468;15;0.63;0.88;0.88;0.66
BOOKKEEPER;6;80.21;26.96;19.03;IBk;No;undersampling;Sensitive Learning;109;126;406;16;0.46;0.87;0.83;0.48
BOOKKEEPER;6;80.21;26.96;19.03;IBk;No;SMOTE;No;106;15;517;19;0.88;0.85;0.91;0.83
BOOKKEEPER;6;80.21;26.96;19.03;IBk;No;SMOTE;Sensitive Threshold;106;15;517;19;0.88;0.85;0.91;0.83
BOOKKEEPER;6;80.21;26.96;19.03;IBk;No;SMOTE;Sensitive Learning;93;6;526;32;0.94;0.74;0.87;0.8
BOOKKEEPER;6;80.21;26.96;19.03;IBk;Best first;No;No;107;27;505;18;0.8;0.86;0.93;0.78
BOOKKEEPER;6;80.21;26.96;19.03;IBk;Best first;No;Sensitive Threshold;107;27;505;18;0.8;0.86;0.9;0.78
BOOKKEEPER;6;80.21;26.96;19.03;IBk;Best first;No;Sensitive Learning;107;27;505;18;0.8;0.86;0.93;0.78
BOOKKEEPER;6;80.21;26.96;19.03;IBk;Best first;oversampling;No;109;46;486;16;0.7;0.87;0.91;0.72
BOOKKEEPER;6;80.21;26.96;19.03;IBk;Best first;oversampling;Sensitive Threshold;109;35;497;16;0.76;0.87;0.9;0.76
BOOKKEEPER;6;80.21;26.96;19.03;IBk;Best first;oversampling;Sensitive Learning;103;36;496;22;0.74;0.82;0.89;0.73
BOOKKEEPER;6;80.21;26.96;19.03;IBk;Best first;undersampling;No;113;85;447;12;0.57;0.9;0.9;0.61
BOOKKEEPER;6;80.21;26.96;19.03;IBk;Best first;undersampling;Sensitive Threshold;113;75;457;12;0.6;0.9;0.88;0.64
BOOKKEEPER;6;80.21;26.96;19.03;IBk;Best first;undersampling;Sensitive Learning;105;137;395;20;0.43;0.84;0.8;0.43
BOOKKEEPER;6;80.21;26.96;19.03;IBk;Best first;SMOTE;No;107;29;503;18;0.79;0.86;0.92;0.78
BOOKKEEPER;6;80.21;26.96;19.03;IBk;Best first;SMOTE;Sensitive Threshold;107;29;503;18;0.79;0.86;0.9;0.78
BOOKKEEPER;6;80.21;26.96;19.03;IBk;Best first;SMOTE;Sensitive Learning;97;11;521;28;0.9;0.78;0.88;0.8
BOOKKEEPER;6;80.21;26.96;19.03;Naive Bayes;No;No;No;5;3;529;120;0.62;0.04;0.95;0.05
BOOKKEEPER;6;80.21;26.96;19.03;Naive Bayes;No;No;Sensitive Threshold;3;3;529;122;0.5;0.02;0.51;0.03
BOOKKEEPER;6;80.21;26.96;19.03;Naive Bayes;No;No;Sensitive Learning;3;3;529;122;0.5;0.02;0.94;0.03
BOOKKEEPER;6;80.21;26.96;19.03;Naive Bayes;No;oversampling;No;11;6;526;114;0.65;0.09;0.94;0.11
BOOKKEEPER;6;80.21;26.96;19.03;Naive Bayes;No;oversampling;Sensitive Threshold;3;2;530;122;0.6;0.02;0.51;0.03
BOOKKEEPER;6;80.21;26.96;19.03;Naive Bayes;No;oversampling;Sensitive Learning;8;5;527;117;0.62;0.06;0.93;0.08
BOOKKEEPER;6;80.21;26.96;19.03;Naive Bayes;No;undersampling;No;9;5;527;116;0.64;0.07;0.94;0.09
BOOKKEEPER;6;80.21;26.96;19.03;Naive Bayes;No;undersampling;Sensitive Threshold;3;3;529;122;0.5;0.02;0.51;0.03
BOOKKEEPER;6;80.21;26.96;19.03;Naive Bayes;No;undersampling;Sensitive Learning;5;2;530;120;0.71;0.04;0.9;0.06
BOOKKEEPER;6;80.21;26.96;19.03;Naive Bayes;No;SMOTE;No;37;7;525;88;0.84;0.3;0.95;0.38
BOOKKEEPER;6;80.21;26.96;19.03;Naive Bayes;No;SMOTE;Sensitive Threshold;6;4;528;119;0.6;0.05;0.52;0.06
BOOKKEEPER;6;80.21;26.96;19.03;Naive Bayes;No;SMOTE;Sensitive Learning;6;3;529;119;0.67;0.05;0.93;0.07
BOOKKEEPER;6;80.21;26.96;19.03;Naive Bayes;Best first;No;No;79;3;529;46;0.96;0.63;0.95;0.72
BOOKKEEPER;6;80.21;26.96;19.03;Naive Bayes;Best first;No;Sensitive Threshold;2;0;532;123;1;0.02;0.51;0.03
BOOKKEEPER;6;80.21;26.96;19.03;Naive Bayes;Best first;No;Sensitive Learning;3;1;531;122;0.75;0.02;0.94;0.04
BOOKKEEPER;6;80.21;26.96;19.03;Naive Bayes;Best first;oversampling;No;104;18;514;21;0.85;0.83;0.94;0.81
BOOKKEEPER;6;80.21;26.96;19.03;Naive Bayes;Best first;oversampling;Sensitive Threshold;21;2;530;104;0.91;0.17;0.58;0.24
BOOKKEEPER;6;80.21;26.96;19.03;Naive Bayes;Best first;oversampling;Sensitive Learning;95;19;513;30;0.83;0.76;0.93;0.75
BOOKKEEPER;6;80.21;26.96;19.03;Naive Bayes;Best first;undersampling;No;108;20;512;17;0.84;0.86;0.94;0.82
BOOKKEEPER;6;80.21;26.96;19.03;Naive Bayes;Best first;undersampling;Sensitive Threshold;4;2;530;121;0.67;0.03;0.51;0.04
BOOKKEEPER;6;80.21;26.96;19.03;Naive Bayes;Best first;undersampling;Sensitive Learning;42;9;523;83;0.82;0.34;0.89;0.41
BOOKKEEPER;6;80.21;26.96;19.03;Naive Bayes;Best first;SMOTE;No;105;24;508;20;0.81;0.84;0.94;0.79
BOOKKEEPER;6;80.21;26.96;19.03;Naive Bayes;Best first;SMOTE;Sensitive Threshold;52;2;530;73;0.96;0.42;0.71;0.53
BOOKKEEPER;6;80.21;26.96;19.03;Naive Bayes;Best first;SMOTE;Sensitive Learning;74;5;527;51;0.94;0.59;0.93;0.68
